id,timestamp,feeder,load,loss,voltage,current,power_factor,temperature,humidity,dataset_id
546,2026-03-15 00:27:46.588600,Airport Road Sukkur,68.77110082712736,3.6025539365979404,,,,21.858090931591846,69.09271700114314,1
1267,2026-03-15 00:27:46.588600,Ghotki District Supply,41.12148763042525,1.1555227416156673,,,,23.65244724060097,65.23635920528407,1
1988,2026-03-15 00:27:46.588600,Lab-e-Mehran,52.10022602898401,2.613915722308381,,,,22.574167821828276,61.74889234122673,1
2709,2026-03-15 00:27:46.588600,Lal Shahbaz Area,65.47394811010857,3.7231260495762633,,,,21.913216856462373,73.73125849552255,1
3430,2026-03-15 00:27:46.588600,Minara Road Sukkur,64.7846157394736,2.5200765384525274,,,,23.466701781802374,60.12444608621453,1
4151,2026-03-15 00:27:46.588600,New Sukkur Township,80.86649368952358,5.082159594651145,,,,24.95824441437288,77.25836514400294,1
4872,2026-03-15 00:27:46.588600,Old Sukkur City,78.26271234586041,5.3985486879375335,,,,20.440965130460704,62.60927913423743,1
5593,2026-03-15 00:27:46.588600,Pano Aqil Town,49.209715777890686,2.758604646375357,,,,24.61230834862702,67.18540690797886,1
6314,2026-03-15 00:27:46.588600,Rohri City,69.02939027994918,4.595528384646987,,,,25.25255441583166,66.58638314674135,1
7035,2026-03-15 00:27:46.588600,Saleh Pat Sukkur,54.38655692600794,1.089376083749585,,,,25.074825602639763,68.80810151864559,1
7756,2026-03-15 00:27:46.588600,Shikarpur Road Sukkur,40.32277586297168,2.8725204794099986,,,,19.793137557884112,71.6927240608183,1
8477,2026-03-15 00:27:46.588600,Sukkur Barrage Colony,63.19929463472362,2.0914728006240337,,,,22.46348013346786,67.77932393180325,1
9198,2026-03-15 00:27:46.588600,Sukkur Cantt,82.74125989506172,5.453917034028506,,,,23.82990387864347,69.9099054067204,1
9919,2026-03-15 00:27:46.588600,Sukkur City Center,68.01983552766005,3.7506989847508643,,,,23.86898339576617,66.20680752481654,1
10640,2026-03-15 00:27:46.588600,Sukkur Industrial Zone,55.34054468037615,2.603503643822601,,,,24.06125516932097,69.40993317385986,1
547,2026-03-15 01:27:46.588600,Airport Road Sukkur,66.02187603591868,4.467751230682101,,,,21.33169591061526,63.013970669840795,1
1268,2026-03-15 01:27:46.588600,Ghotki District Supply,36.99408287565625,2.144123044391596,,,,24.17310858864807,65.99211626893663,1
1989,2026-03-15 01:27:46.588600,Lab-e-Mehran,46.681261397573735,1.2913157342223383,,,,18.097892953995807,67.52567558057255,1
2710,2026-03-15 01:27:46.588600,Lal Shahbaz Area,65.09879640368538,5.0897631363663915,,,,21.349849889953763,77.81308424515572,1
3431,2026-03-15 01:27:46.588600,Minara Road Sukkur,61.18181526352188,2.3486750231813573,,,,20.77474369526077,79.30849669078643,1
4152,2026-03-15 01:27:46.588600,New Sukkur Township,74.8150420879324,4.8078654447210365,,,,20.40250655282259,69.67000915023193,1
4873,2026-03-15 01:27:46.588600,Old Sukkur City,72.32911474761987,3.134510085694762,,,,21.36941461271065,61.96355515856901,1
5594,2026-03-15 01:27:46.588600,Pano Aqil Town,53.00723915549593,2.540924522988674,,,,21.966471972419008,73.41192165347569,1
6315,2026-03-15 01:27:46.588600,Rohri City,66.9133802028538,1.7835189990189617,,,,24.04526997467319,76.76240171290192,1
7036,2026-03-15 01:27:46.588600,Saleh Pat Sukkur,50.62903282809673,2.191191923517026,,,,19.718060434954236,69.59513147623059,1
7757,2026-03-15 01:27:46.588600,Shikarpur Road Sukkur,39.79723217200555,0.8206671431534371,,,,23.73115723822954,74.61230476171495,1
8478,2026-03-15 01:27:46.588600,Sukkur Barrage Colony,61.99188644933862,2.2976206448234358,,,,19.477596945881643,71.28603731760516,1
9199,2026-03-15 01:27:46.588600,Sukkur Cantt,77.31845482680009,2.701991320895426,,,,19.08818156083385,73.96697566695508,1
9920,2026-03-15 01:27:46.588600,Sukkur City Center,77.23375248561406,2.3221939669662657,,,,22.405068480797567,80.78172309467047,1
10641,2026-03-15 01:27:46.588600,Sukkur Industrial Zone,42.23343016448434,1.497597457782881,,,,22.373120395778113,76.84045187137808,1
548,2026-03-15 02:27:46.588600,Airport Road Sukkur,60.34403376095465,4.370787689831389,,,,17.760826576849883,74.39926883912459,1
1269,2026-03-15 02:27:46.588600,Ghotki District Supply,40.49334847457734,2.8482717681572836,,,,17.408600342652935,72.35142162916776,1
1990,2026-03-15 02:27:46.588600,Lab-e-Mehran,55.41714068799573,1.2627502988749026,,,,16.299783371311545,78.76770774976184,1
2711,2026-03-15 02:27:46.588600,Lal Shahbaz Area,65.76986750001043,2.1870919054235975,,,,21.636366583138148,74.87583430977156,1
3432,2026-03-15 02:27:46.588600,Minara Road Sukkur,61.159786953429766,1.8307875357722023,,,,19.27009636060683,83.06489504155107,1
4153,2026-03-15 02:27:46.588600,New Sukkur Township,76.11241244479896,5.931689301668426,,,,15.496121698981707,79.76428848111725,1
4874,2026-03-15 02:27:46.588600,Old Sukkur City,81.83530222846314,2.626458632626708,,,,20.40990994522074,76.13416973633001,1
5595,2026-03-15 02:27:46.588600,Pano Aqil Town,58.04351612918519,4.269490869339449,,,,18.660248837713702,79.49652076240464,1
6316,2026-03-15 02:27:46.588600,Rohri City,60.93717187735821,3.772185941993671,,,,16.25440950815555,75.46798042334835,1
7037,2026-03-15 02:27:46.588600,Saleh Pat Sukkur,50.13911575732506,2.447775415158543,,,,17.283195161165132,83.8527057842785,1
7758,2026-03-15 02:27:46.588600,Shikarpur Road Sukkur,40.35150601335234,1.5044306489309538,,,,20.539998611889107,74.47139967675203,1
8479,2026-03-15 02:27:46.588600,Sukkur Barrage Colony,67.70983659143418,4.517550656655512,,,,17.76552836705406,83.71007877524241,1
9200,2026-03-15 02:27:46.588600,Sukkur Cantt,66.77932180306982,4.569808245601807,,,,17.30752631478682,72.42370666030845,1
9921,2026-03-15 02:27:46.588600,Sukkur City Center,72.73933708850495,3.119366611696496,,,,19.214873159355644,72.96265999716204,1
10642,2026-03-15 02:27:46.588600,Sukkur Industrial Zone,52.91058566826912,1.7148350360042794,,,,18.33183041906314,85.0,1
549,2026-03-15 03:27:46.588600,Airport Road Sukkur,64.69822669632133,1.716571996080507,,,,12.219464871667839,85.0,1
1270,2026-03-15 03:27:46.588600,Ghotki District Supply,48.91730617793282,1.9177378177489637,,,,14.142192446915475,79.0344849442459,1
1991,2026-03-15 03:27:46.588600,Lab-e-Mehran,53.609531666736466,1.288754787299755,,,,13.509080366856303,78.90173952481885,1
2712,2026-03-15 03:27:46.588600,Lal Shahbaz Area,64.78055268961984,4.334745644338714,,,,18.986076640025694,85.0,1
3433,2026-03-15 03:27:46.588600,Minara Road Sukkur,65.97110956007359,4.725847713256187,,,,14.8491376473313,84.87267790783673,1
4154,2026-03-15 03:27:46.588600,New Sukkur Township,72.1323331351514,2.570067823530385,,,,13.617739627510986,75.69568513915429,1
4875,2026-03-15 03:27:46.588600,Old Sukkur City,69.18990253286988,1.9402302075072466,,,,14.387878547031699,84.92657647322108,1
5596,2026-03-15 03:27:46.588600,Pano Aqil Town,48.230476474778754,2.882089667308517,,,,14.278750463443066,82.87122384045406,1
6317,2026-03-15 03:27:46.588600,Rohri City,62.633156063551844,1.4239171624218718,,,,14.213104576590741,85.0,1
7038,2026-03-15 03:27:46.588600,Saleh Pat Sukkur,51.99103006534417,3.6732824501180836,,,,14.752016294600404,76.88035461266287,1
7759,2026-03-15 03:27:46.588600,Shikarpur Road Sukkur,46.09806797608133,1.1851445758550037,,,,15.984987525279479,84.65790671121971,1
8480,2026-03-15 03:27:46.588600,Sukkur Barrage Colony,67.01739774521164,1.647280147469383,,,,14.59585996495472,73.95827726455765,1
9201,2026-03-15 03:27:46.588600,Sukkur Cantt,70.958888725379,5.211473400125972,,,,16.476536664022024,81.24067429056772,1
9922,2026-03-15 03:27:46.588600,Sukkur City Center,75.97674508024107,5.907568644080239,,,,17.64844901821855,85.0,1
10643,2026-03-15 03:27:46.588600,Sukkur Industrial Zone,45.914225254703666,2.684746384603298,,,,14.123710181992255,74.84499303756337,1
550,2026-03-15 04:27:46.588600,Airport Road Sukkur,64.52885699032333,2.9343900748248415,,,,10.548829669639092,78.0623051557891,1
1271,2026-03-15 04:27:46.588600,Ghotki District Supply,39.63937139056063,2.361503728333392,,,,13.118611578084826,84.92920657976622,1
1992,2026-03-15 04:27:46.588600,Lab-e-Mehran,52.72839113579353,3.622552163743624,,,,9.39140610791644,84.40219695553785,1
2713,2026-03-15 04:27:46.588600,Lal Shahbaz Area,58.65460046154378,1.6046205216199907,,,,9.947063675326419,85.0,1
3434,2026-03-15 04:27:46.588600,Minara Road Sukkur,67.42992173338722,2.465820097188527,,,,9.298350389524796,84.71571706525344,1
4155,2026-03-15 04:27:46.588600,New Sukkur Township,72.27839944000893,5.192148219443847,,,,10.741157393029624,80.0450210127114,1
4876,2026-03-15 04:27:46.588600,Old Sukkur City,84.67617267429685,6.260539567507531,,,,8.169267811868613,75.75786974464582,1
5597,2026-03-15 04:27:46.588600,Pano Aqil Town,51.04703899886528,2.9667396558307617,,,,11.39408853767534,83.1577978506661,1
6318,2026-03-15 04:27:46.588600,Rohri City,71.03181889992234,2.476826938175444,,,,13.06322567213783,85.0,1
7039,2026-03-15 04:27:46.588600,Saleh Pat Sukkur,56.331189687343915,3.177120054695366,,,,10.09180742306637,82.1594813983624,1
7760,2026-03-15 04:27:46.588600,Shikarpur Road Sukkur,41.41292618489428,0.8486658678967524,,,,12.286365691362995,78.5969945087769,1
8481,2026-03-15 04:27:46.588600,Sukkur Barrage Colony,64.76708696451603,4.861772738099146,,,,12.929477718547663,79.61192479720562,1
9202,2026-03-15 04:27:46.588600,Sukkur Cantt,77.6364918859464,4.271082993776295,,,,11.418530195933155,80.49221112793936,1
9923,2026-03-15 04:27:46.588600,Sukkur City Center,79.07537956133432,3.2197023000626834,,,,10.097563462059194,85.0,1
10644,2026-03-15 04:27:46.588600,Sukkur Industrial Zone,53.34134491671084,3.5114550670360054,,,,11.383076020712563,84.62819667209749,1
551,2026-03-15 05:27:46.588600,Airport Road Sukkur,59.55888189816997,1.8769016692274272,,,,9.152759265405619,85.0,1
1272,2026-03-15 05:27:46.588600,Ghotki District Supply,38.854343226051206,0.9872608735347668,,,,12.306354425317938,85.0,1
1993,2026-03-15 05:27:46.588600,Lab-e-Mehran,54.73931083593014,3.631342363951293,,,,8.562082611220456,85.0,1
2714,2026-03-15 05:27:46.588600,Lal Shahbaz Area,67.63643669781362,2.9028757664080214,,,,10.674541221537122,85.0,1
3435,2026-03-15 05:27:46.588600,Minara Road Sukkur,62.92220384231416,1.50155825079548,,,,8.707209776413896,85.0,1
4156,2026-03-15 05:27:46.588600,New Sukkur Township,69.51500767017387,2.025823335497159,,,,13.344342479562089,85.0,1
4877,2026-03-15 05:27:46.588600,Old Sukkur City,80.29449689704214,2.990102077782261,,,,8.511606743945556,85.0,1
5598,2026-03-15 05:27:46.588600,Pano Aqil Town,56.48126921302503,2.7015377648042156,,,,8.043958587045601,85.0,1
6319,2026-03-15 05:27:46.588600,Rohri City,68.23911789470405,3.309986708658843,,,,9.562397329984062,85.0,1
7040,2026-03-15 05:27:46.588600,Saleh Pat Sukkur,56.24528542866774,1.1575278472975916,,,,9.29126527850634,81.70263143912115,1
7761,2026-03-15 05:27:46.588600,Shikarpur Road Sukkur,43.34700711879462,3.1662164227496454,,,,10.2583643766172,83.27569091069196,1
8482,2026-03-15 05:27:46.588600,Sukkur Barrage Colony,58.035967744293394,2.1110889692611563,,,,8.0,85.0,1
9203,2026-03-15 05:27:46.588600,Sukkur Cantt,79.0444159776109,5.2925582345882445,,,,11.891797789306993,85.0,1
9924,2026-03-15 05:27:46.588600,Sukkur City Center,73.12980039427259,4.040648829579326,,,,8.0,85.0,1
10645,2026-03-15 05:27:46.588600,Sukkur Industrial Zone,55.29932781094505,4.122397395593144,,,,13.130625051688247,85.0,1
552,2026-03-15 06:27:46.588600,Airport Road Sukkur,61.69521703480579,1.27062123248388,,,,11.005601772988587,85.0,1
1273,2026-03-15 06:27:46.588600,Ghotki District Supply,40.05338696209007,1.146904095945902,,,,8.0,85.0,1
1994,2026-03-15 06:27:46.588600,Lab-e-Mehran,60.452695453278665,1.3260202745459886,,,,11.307335200201255,85.0,1
2715,2026-03-15 06:27:46.588600,Lal Shahbaz Area,60.418907321236055,3.194923804709669,,,,9.366953371118363,85.0,1
3436,2026-03-15 06:27:46.588600,Minara Road Sukkur,67.46300834038367,1.9927469499820099,,,,10.935926676178482,85.0,1
4157,2026-03-15 06:27:46.588600,New Sukkur Township,72.39736732925046,1.6754147058440767,,,,8.0,85.0,1
4878,2026-03-15 06:27:46.588600,Old Sukkur City,76.53178944013715,2.2700268184344896,,,,8.0,85.0,1
5599,2026-03-15 06:27:46.588600,Pano Aqil Town,51.276065316481734,3.816503184957492,,,,8.0,85.0,1
6320,2026-03-15 06:27:46.588600,Rohri City,60.5124077812035,2.5977936504067896,,,,8.68697684582194,85.0,1
7041,2026-03-15 06:27:46.588600,Saleh Pat Sukkur,57.32888959481935,2.363305571874314,,,,9.349258957936888,85.0,1
7762,2026-03-15 06:27:46.588600,Shikarpur Road Sukkur,45.22105322100589,1.4603287116746517,,,,10.843997388937877,85.0,1
8483,2026-03-15 06:27:46.588600,Sukkur Barrage Colony,63.79102364390547,3.089710964744257,,,,8.0,85.0,1
9204,2026-03-15 06:27:46.588600,Sukkur Cantt,77.57620324163433,2.8527721517604174,,,,8.0,85.0,1
9925,2026-03-15 06:27:46.588600,Sukkur City Center,70.47093604670513,4.041652271165956,,,,8.0,85.0,1
10646,2026-03-15 06:27:46.588600,Sukkur Industrial Zone,47.13427242772108,1.9968452223428501,,,,9.023333228183919,85.0,1
553,2026-03-15 07:27:46.588600,Airport Road Sukkur,64.67651996718679,2.751597400856989,,,,8.170238885622538,84.29284016521504,1
1274,2026-03-15 07:27:46.588600,Ghotki District Supply,40.34323865967422,1.3556592542678016,,,,8.0,85.0,1
1995,2026-03-15 07:27:46.588600,Lab-e-Mehran,56.83663200036986,2.5434028896947223,,,,8.0,81.8010082958005,1
2716,2026-03-15 07:27:46.588600,Lal Shahbaz Area,69.49383893550916,3.8362842412452847,,,,8.0,85.0,1
3437,2026-03-15 07:27:46.588600,Minara Road Sukkur,59.78219966372809,3.88846928644688,,,,8.0,85.0,1
4158,2026-03-15 07:27:46.588600,New Sukkur Township,74.29722726880414,1.4986398054970271,,,,8.0,85.0,1
4879,2026-03-15 07:27:46.588600,Old Sukkur City,75.0727987795316,3.258249743616609,,,,8.0,84.56318396565288,1
5600,2026-03-15 07:27:46.588600,Pano Aqil Town,50.00792040939461,1.53355474241424,,,,8.0,85.0,1
6321,2026-03-15 07:27:46.588600,Rohri City,63.70658793951737,1.8738933768126123,,,,8.0,85.0,1
7042,2026-03-15 07:27:46.588600,Saleh Pat Sukkur,49.99263544891581,1.73562503291407,,,,8.743989766873911,85.0,1
7763,2026-03-15 07:27:46.588600,Shikarpur Road Sukkur,42.9703425337103,3.362770148535352,,,,8.0,85.0,1
8484,2026-03-15 07:27:46.588600,Sukkur Barrage Colony,69.88666320328919,1.9205106827736989,,,,8.0,85.0,1
9205,2026-03-15 07:27:46.588600,Sukkur Cantt,77.39635324911772,2.4208609499400215,,,,8.0,85.0,1
9926,2026-03-15 07:27:46.588600,Sukkur City Center,69.7586026837589,5.155296069667055,,,,8.0,85.0,1
10647,2026-03-15 07:27:46.588600,Sukkur Industrial Zone,55.67286863286456,4.277947050724607,,,,8.0,85.0,1
554,2026-03-15 08:27:46.588600,Airport Road Sukkur,64.71104149562736,3.092329818668717,,,,8.0,82.34176054386896,1
1275,2026-03-15 08:27:46.588600,Ghotki District Supply,37.361483674362766,2.6594173301617294,,,,8.478885957007359,85.0,1
1996,2026-03-15 08:27:46.588600,Lab-e-Mehran,51.79538879342363,2.309471076588834,,,,8.0,85.0,1
2717,2026-03-15 08:27:46.588600,Lal Shahbaz Area,66.12216175573893,2.6637712411555166,,,,8.0,85.0,1
3438,2026-03-15 08:27:46.588600,Minara Road Sukkur,61.37843147011852,3.005932424572518,,,,8.0,85.0,1
4159,2026-03-15 08:27:46.588600,New Sukkur Township,72.18226553433797,3.273288149232311,,,,8.0,79.53734319152986,1
4880,2026-03-15 08:27:46.588600,Old Sukkur City,69.98704164192938,1.476353983338827,,,,8.0,85.0,1
5601,2026-03-15 08:27:46.588600,Pano Aqil Town,52.15243342321796,3.899204126200359,,,,8.0,79.99029756319219,1
6322,2026-03-15 08:27:46.588600,Rohri City,63.7723778388435,4.351453634218942,,,,8.0,80.96610062274654,1
7043,2026-03-15 08:27:46.588600,Saleh Pat Sukkur,53.88221218892565,3.1661940500213497,,,,8.0,85.0,1
7764,2026-03-15 08:27:46.588600,Shikarpur Road Sukkur,45.885893720820704,2.063580112708176,,,,8.0,85.0,1
8485,2026-03-15 08:27:46.588600,Sukkur Barrage Colony,65.07957202289698,3.9908318897991455,,,,8.689219030013259,85.0,1
9206,2026-03-15 08:27:46.588600,Sukkur Cantt,72.95224159092568,1.7597211563821402,,,,8.0,81.884611483285,1
9927,2026-03-15 08:27:46.588600,Sukkur City Center,76.40098114641026,3.9027451108033677,,,,8.0,85.0,1
10648,2026-03-15 08:27:46.588600,Sukkur Industrial Zone,56.59173475998671,2.737138904751893,,,,8.0,85.0,1
555,2026-03-15 09:27:46.588600,Airport Road Sukkur,66.38550788226914,3.0300221420988027,,,,8.0,79.01493693157425,1
1276,2026-03-15 09:27:46.588600,Ghotki District Supply,48.58184335543552,2.9528377902073872,,,,8.0,85.0,1
1997,2026-03-15 09:27:46.588600,Lab-e-Mehran,54.90229302052702,2.8242467947553926,,,,8.0,68.54103011572761,1
2718,2026-03-15 09:27:46.588600,Lal Shahbaz Area,66.38659655747223,5.221396098971085,,,,10.232257713935264,76.55138523598944,1
3439,2026-03-15 09:27:46.588600,Minara Road Sukkur,65.68843096922818,3.3250067497604427,,,,8.0,81.46731707380927,1
4160,2026-03-15 09:27:46.588600,New Sukkur Township,80.47063272365924,5.059450136038308,,,,8.88666324518767,76.7411848810469,1
4881,2026-03-15 09:27:46.588600,Old Sukkur City,75.65025520130851,2.039361160354047,,,,8.10170174050373,85.0,1
5602,2026-03-15 09:27:46.588600,Pano Aqil Town,56.991957870546464,1.5571048891432817,,,,8.0,82.72258128948245,1
6323,2026-03-15 09:27:46.588600,Rohri City,62.02126740231887,3.1795958269567155,,,,8.898963027519265,81.66308168186146,1
7044,2026-03-15 09:27:46.588600,Saleh Pat Sukkur,47.27846425730934,1.7792971551740018,,,,8.0,71.44422387014,1
7765,2026-03-15 09:27:46.588600,Shikarpur Road Sukkur,40.11909113835599,0.9215676841917633,,,,8.0,77.41393889582599,1
8486,2026-03-15 09:27:46.588600,Sukkur Barrage Colony,65.13148321495645,2.4857675283651974,,,,8.0,76.5691364897993,1
9207,2026-03-15 09:27:46.588600,Sukkur Cantt,75.78923037700086,3.4807723610987065,,,,8.0,79.86629885265401,1
9928,2026-03-15 09:27:46.588600,Sukkur City Center,86.25999928853861,3.1957806464116265,,,,8.0,85.0,1
10649,2026-03-15 09:27:46.588600,Sukkur Industrial Zone,56.31855728030073,4.107103905815761,,,,8.0,85.0,1
556,2026-03-15 10:27:46.588600,Airport Road Sukkur,75.56371991249138,5.9997894122722295,,,,10.585486282604704,81.78239925479916,1
1277,2026-03-15 10:27:46.588600,Ghotki District Supply,45.04809999447938,3.055880744364293,,,,8.0,77.63271822121693,1
1998,2026-03-15 10:27:46.588600,Lab-e-Mehran,58.789623343746925,2.4102319934438805,,,,9.207130451479284,77.92901622512805,1
2719,2026-03-15 10:27:46.588600,Lal Shahbaz Area,74.44704566977295,4.039853102869028,,,,9.664562282064615,77.97067952066782,1
3440,2026-03-15 10:27:46.588600,Minara Road Sukkur,74.49712022393959,5.848296023004522,,,,8.0,77.29087057140704,1
4161,2026-03-15 10:27:46.588600,New Sukkur Township,82.59892612981147,5.100779590523488,,,,8.0,74.80770602175981,1
4882,2026-03-15 10:27:46.588600,Old Sukkur City,81.38343074600171,5.769332066951769,,,,8.0,85.0,1
5603,2026-03-15 10:27:46.588600,Pano Aqil Town,63.31938715591155,3.1889181483318136,,,,8.0,77.17180026959555,1
6324,2026-03-15 10:27:46.588600,Rohri City,76.34241696111324,2.13930750375107,,,,10.445811645755867,76.99170065653864,1
7045,2026-03-15 10:27:46.588600,Saleh Pat Sukkur,58.22421710584397,3.1760873602586592,,,,8.0,70.64960798051553,1
7766,2026-03-15 10:27:46.588600,Shikarpur Road Sukkur,48.37497360020555,1.2420344778908863,,,,8.799915242885941,76.28458255390238,1
8487,2026-03-15 10:27:46.588600,Sukkur Barrage Colony,72.16581811460597,2.1918682811269914,,,,8.0,76.34040069731735,1
9208,2026-03-15 10:27:46.588600,Sukkur Cantt,83.77595951942126,6.096785035325952,,,,8.760032229490983,85.0,1
9929,2026-03-15 10:27:46.588600,Sukkur City Center,84.85201695137263,3.4664694087809647,,,,8.0,75.78368511932678,1
10650,2026-03-15 10:27:46.588600,Sukkur Industrial Zone,66.49957858945618,2.4823542105920193,,,,8.14394098728983,77.83783664915924,1
557,2026-03-15 11:27:46.588600,Airport Road Sukkur,85.74577906676431,5.483098343639799,,,,8.0,75.57477291990432,1
1278,2026-03-15 11:27:46.588600,Ghotki District Supply,51.266761557060974,3.9991507746045207,,,,8.0,70.4853376756198,1
1999,2026-03-15 11:27:46.588600,Lab-e-Mehran,68.36612017335406,3.1107966073469333,,,,8.995537591044046,68.64169092765465,1
2720,2026-03-15 11:27:46.588600,Lal Shahbaz Area,80.66226162416861,6.330273490100724,,,,12.102129568800098,72.89561307776516,1
3441,2026-03-15 11:27:46.588600,Minara Road Sukkur,73.98593363371725,3.0098054120482005,,,,8.701954480233027,72.39592848350688,1
4162,2026-03-15 11:27:46.588600,New Sukkur Township,93.51685910273555,6.598566159717498,,,,8.0,78.75168966876622,1
4883,2026-03-15 11:27:46.588600,Old Sukkur City,91.93958592429387,3.0343744386016147,,,,8.31659224054187,73.37534151362314,1
5604,2026-03-15 11:27:46.588600,Pano Aqil Town,63.61483969809361,4.996417774883808,,,,8.0,80.53885334595053,1
6325,2026-03-15 11:27:46.588600,Rohri City,80.57727336859041,6.422766010822801,,,,9.110658662688353,66.71554016214655,1
7046,2026-03-15 11:27:46.588600,Saleh Pat Sukkur,62.65395710342709,2.4177480266190523,,,,11.32875873000577,73.73886750117812,1
7767,2026-03-15 11:27:46.588600,Shikarpur Road Sukkur,56.30018109755853,3.6116555274400532,,,,10.65546283082391,75.78568517776931,1
8488,2026-03-15 11:27:46.588600,Sukkur Barrage Colony,77.6748097546701,4.934405125706066,,,,9.051287455794181,67.2335659149223,1
9209,2026-03-15 11:27:46.588600,Sukkur Cantt,100.36952725381346,5.995950258932932,,,,8.0,73.67239565824408,1
9930,2026-03-15 11:27:46.588600,Sukkur City Center,98.38851642803183,3.29586978133313,,,,8.178454079290065,71.86206770845219,1
10651,2026-03-15 11:27:46.588600,Sukkur Industrial Zone,64.82172474315324,5.107054059324599,,,,8.471500004883636,69.78234426657191,1
558,2026-03-15 12:27:46.588600,Airport Road Sukkur,79.15819348951418,2.7996690496786667,,,,12.3349463976668,62.52577728513447,1
1279,2026-03-15 12:27:46.588600,Ghotki District Supply,50.47880632085928,3.271291452360147,,,,14.168660242618934,68.29392906301439,1
2000,2026-03-15 12:27:46.588600,Lab-e-Mehran,72.99896208193029,5.747995525399605,,,,12.48391651555812,64.13760125460091,1
2721,2026-03-15 12:27:46.588600,Lal Shahbaz Area,83.54880628872424,3.9380007116746016,,,,11.507830529264,78.11603189393172,1
3442,2026-03-15 12:27:46.588600,Minara Road Sukkur,81.94834468649373,5.330762003151354,,,,11.416236257813473,68.5446262280896,1
4163,2026-03-15 12:27:46.588600,New Sukkur Township,99.78116986988637,3.6185854636313612,,,,10.339890988602445,62.083947073712686,1
4884,2026-03-15 12:27:46.588600,Old Sukkur City,92.46795696852153,1.933431227127056,,,,9.348537561953744,68.8248717042423,1
5605,2026-03-15 12:27:46.588600,Pano Aqil Town,64.87813997917796,1.7943965288040709,,,,14.514360840922816,66.74824794763396,1
6326,2026-03-15 12:27:46.588600,Rohri City,81.94594958327204,2.8814461794266357,,,,13.37962811045676,68.81116925296104,1
7047,2026-03-15 12:27:46.588600,Saleh Pat Sukkur,65.50647944350769,3.3255351840726313,,,,11.04031947558345,59.877652752733205,1
7768,2026-03-15 12:27:46.588600,Shikarpur Road Sukkur,53.37071080760346,3.1874506737986956,,,,12.581991489415085,67.07857922572971,1
8489,2026-03-15 12:27:46.588600,Sukkur Barrage Colony,86.00309852134968,6.6475557504374185,,,,12.28394021231956,64.342629105621,1
9210,2026-03-15 12:27:46.588600,Sukkur Cantt,93.17970884260149,6.133992729071538,,,,12.798924156513365,65.29596547082063,1
9931,2026-03-15 12:27:46.588600,Sukkur City Center,104.84211264971073,3.1691528087456287,,,,9.98022400883782,60.93760988547463,1
10652,2026-03-15 12:27:46.588600,Sukkur Industrial Zone,67.49608907771236,4.169171987497536,,,,11.053040516646492,70.46949863530088,1
559,2026-03-15 13:27:46.588600,Airport Road Sukkur,70.25919039230284,4.64338726351362,,,,15.271124551939064,57.58300721879189,1
1280,2026-03-15 13:27:46.588600,Ghotki District Supply,42.65213048746807,3.218884281760163,,,,12.663233479963258,61.65927665126812,1
2001,2026-03-15 13:27:46.588600,Lab-e-Mehran,51.287478759749646,3.55753187350553,,,,11.762902727247148,63.44671210072758,1
2722,2026-03-15 13:27:46.588600,Lal Shahbaz Area,64.7225829936986,4.23423969725226,,,,16.612527971197494,59.273819363643774,1
3443,2026-03-15 13:27:46.588600,Minara Road Sukkur,60.18129992623157,3.4757744119937124,,,,17.055705645066944,63.321798924588784,1
4164,2026-03-15 13:27:46.588600,New Sukkur Township,75.50217578881373,5.580831900812416,,,,13.448523792626291,57.04102768316362,1
4885,2026-03-15 13:27:46.588600,Old Sukkur City,77.50584199373327,2.5031587384415057,,,,11.523767568863487,52.72740010053542,1
5606,2026-03-15 13:27:46.588600,Pano Aqil Town,51.528650393332974,1.2793955567232993,,,,15.95490446885142,74.02299429178119,1
6327,2026-03-15 13:27:46.588600,Rohri City,65.50296778878348,4.446938703766811,,,,14.841828088230615,55.01357564658237,1
7048,2026-03-15 13:27:46.588600,Saleh Pat Sukkur,46.910612253727095,1.900921923773032,,,,14.495188022664275,63.376098343114926,1
7769,2026-03-15 13:27:46.588600,Shikarpur Road Sukkur,45.97658632619152,3.417202253567314,,,,14.735667291545898,56.80766140836196,1
8490,2026-03-15 13:27:46.588600,Sukkur Barrage Colony,58.87005792420008,4.189229931263197,,,,18.352743229878314,59.9811826621659,1
9211,2026-03-15 13:27:46.588600,Sukkur Cantt,78.26687460790036,2.1056116544732,,,,11.612480202670035,59.735575509483176,1
9932,2026-03-15 13:27:46.588600,Sukkur City Center,77.38052931440652,5.202393091074431,,,,13.597730836541285,62.22805243051911,1
10653,2026-03-15 13:27:46.588600,Sukkur Industrial Zone,53.721521318366754,3.0197321511931072,,,,14.638519107267237,51.2133414137239,1
560,2026-03-15 14:27:46.588600,Airport Road Sukkur,67.19165539176288,2.412972457980719,,,,18.66226214366069,48.363449048673196,1
1281,2026-03-15 14:27:46.588600,Ghotki District Supply,33.76909772917802,2.200595557715001,,,,17.382568453891835,53.99551570611251,1
2002,2026-03-15 14:27:46.588600,Lab-e-Mehran,49.65795659623226,2.5511040767386475,,,,17.49407041021974,57.24912136537214,1
2723,2026-03-15 14:27:46.588600,Lal Shahbaz Area,70.71821624448127,4.744817642176056,,,,16.994646225667168,51.900069952435835,1
3444,2026-03-15 14:27:46.588600,Minara Road Sukkur,65.70868308880958,1.59881550874655,,,,22.015207331316972,52.59949064044245,1
4165,2026-03-15 14:27:46.588600,New Sukkur Township,77.85111728945313,5.969728980235525,,,,17.1835675670793,54.454194440890305,1
4886,2026-03-15 14:27:46.588600,Old Sukkur City,74.71411988281615,2.1382476315500036,,,,17.8605192073503,54.95741967861554,1
5607,2026-03-15 14:27:46.588600,Pano Aqil Town,52.14515728499378,3.3839258951982885,,,,16.137780287118204,50.989486082199505,1
6328,2026-03-15 14:27:46.588600,Rohri City,58.83591684217133,1.1831887086345392,,,,23.198241739748312,53.671297074808116,1
7049,2026-03-15 14:27:46.588600,Saleh Pat Sukkur,50.24999358272727,2.0929532254041274,,,,18.936275952923324,55.24971299489946,1
7770,2026-03-15 14:27:46.588600,Shikarpur Road Sukkur,48.03770728701082,3.270811665665091,,,,16.838691702732692,45.09041371605966,1
8491,2026-03-15 14:27:46.588600,Sukkur Barrage Colony,61.876998419902726,2.5925971213716057,,,,18.50407227394451,45.93843337221444,1
9212,2026-03-15 14:27:46.588600,Sukkur Cantt,73.7628328654044,4.227757574071022,,,,20.155170347301972,54.88386956171174,1
9933,2026-03-15 14:27:46.588600,Sukkur City Center,66.83658830952648,1.687178920615936,,,,14.023262958923763,44.587437097432215,1
10654,2026-03-15 14:27:46.588600,Sukkur Industrial Zone,55.05401468975669,3.644558688579963,,,,15.985898923496995,61.3189991429461,1
561,2026-03-15 15:27:46.588600,Airport Road Sukkur,61.18186379948302,2.4707521450365757,,,,24.783383794461503,43.5277440642656,1
1282,2026-03-15 15:27:46.588600,Ghotki District Supply,48.58080664513166,1.8075886766288438,,,,19.09125249839595,48.56105153899896,1
2003,2026-03-15 15:27:46.588600,Lab-e-Mehran,49.90392913512433,2.4726778169548584,,,,22.209854070270936,36.52641320707487,1
2724,2026-03-15 15:27:46.588600,Lal Shahbaz Area,65.22781977969636,3.2682730174787538,,,,21.38179561639256,58.90778971742321,1
3445,2026-03-15 15:27:46.588600,Minara Road Sukkur,60.96174163639304,4.364014030124501,,,,19.869373777021657,41.261510010379155,1
4166,2026-03-15 15:27:46.588600,New Sukkur Township,80.50428881741708,4.837761585483694,,,,21.844440260167246,50.60992295443288,1
4887,2026-03-15 15:27:46.588600,Old Sukkur City,77.45328845570046,5.243231249005478,,,,19.002098284593266,57.917538966352055,1
5608,2026-03-15 15:27:46.588600,Pano Aqil Town,52.20392315228137,2.211072741104446,,,,21.141915070621227,46.269971917666176,1
6329,2026-03-15 15:27:46.588600,Rohri City,73.49232950937436,4.628311056291969,,,,18.885687392060948,45.470445710023796,1
7050,2026-03-15 15:27:46.588600,Saleh Pat Sukkur,53.994834899591865,2.4075770870426836,,,,23.909143458711604,57.539490621657606,1
7771,2026-03-15 15:27:46.588600,Shikarpur Road Sukkur,47.73785634362011,2.0452612345623953,,,,23.79793331717751,44.831128052249596,1
8492,2026-03-15 15:27:46.588600,Sukkur Barrage Colony,68.34272736342773,3.7232801475074266,,,,19.35821135538546,41.06599215921727,1
9213,2026-03-15 15:27:46.588600,Sukkur Cantt,67.34213662679721,4.503570664670361,,,,23.24035545747663,48.756365553621855,1
9934,2026-03-15 15:27:46.588600,Sukkur City Center,68.21583160902463,4.6848806361874535,,,,17.970128090108116,56.63249998533414,1
10655,2026-03-15 15:27:46.588600,Sukkur Industrial Zone,44.6200421435605,1.589914948290131,,,,17.280462384235268,43.55244873052354,1
562,2026-03-15 16:27:46.588600,Airport Road Sukkur,70.02997632162074,4.742570901759357,,,,21.366518838392295,39.85510914609107,1
1283,2026-03-15 16:27:46.588600,Ghotki District Supply,40.82129237608619,2.1552164915902297,,,,24.08625690088581,50.8560718903843,1
2004,2026-03-15 16:27:46.588600,Lab-e-Mehran,48.818530156340834,1.4888254393492422,,,,25.24120504954397,42.72080488542399,1
2725,2026-03-15 16:27:46.588600,Lal Shahbaz Area,61.38159713260023,4.728131935026658,,,,26.493321775088468,35.508385270598346,1
3446,2026-03-15 16:27:46.588600,Minara Road Sukkur,61.02126202345381,2.5954121462736186,,,,26.38968360226061,45.96765571240962,1
4167,2026-03-15 16:27:46.588600,New Sukkur Township,75.51863290761194,1.5223108404927896,,,,22.58803647160633,35.0,1
4888,2026-03-15 16:27:46.588600,Old Sukkur City,71.4163414110179,4.7692471453970136,,,,21.337382061084075,38.91997538418065,1
5609,2026-03-15 16:27:46.588600,Pano Aqil Town,48.10875065931995,1.6083178235405744,,,,24.87367118524522,42.4690792288754,1
6330,2026-03-15 16:27:46.588600,Rohri City,64.77711889371828,4.155533122462064,,,,23.37230252275548,49.6412580222439,1
7051,2026-03-15 16:27:46.588600,Saleh Pat Sukkur,48.99506832491622,2.1152013111871506,,,,26.09442682453187,40.26123234012532,1
7772,2026-03-15 16:27:46.588600,Shikarpur Road Sukkur,36.94385141403745,2.7812245560008564,,,,25.891241424410975,39.1717812942202,1
8493,2026-03-15 16:27:46.588600,Sukkur Barrage Colony,62.3737645133667,4.867198800780291,,,,24.48944959531951,38.95148462865114,1
9214,2026-03-15 16:27:46.588600,Sukkur Cantt,69.12744602100166,4.826350711074848,,,,27.02801223181517,43.2086670339324,1
9935,2026-03-15 16:27:46.588600,Sukkur City Center,73.7526354994741,2.457514014286174,,,,20.20344759155868,46.07173009277183,1
10656,2026-03-15 16:27:46.588600,Sukkur Industrial Zone,52.818868143771745,3.30986681220713,,,,25.99624773922279,42.461542919567464,1
563,2026-03-15 17:27:46.588600,Airport Road Sukkur,71.87827842929003,3.009480825203266,,,,24.525510038233577,38.320489612662236,1
1284,2026-03-15 17:27:46.588600,Ghotki District Supply,24.072712818398827,0.7114938586030293,,,,26.382443533914866,44.26482652980048,1
2005,2026-03-15 17:27:46.588600,Lab-e-Mehran,44.44169395096725,2.5310086028186642,,,,29.664735539338054,42.24386562944681,1
2726,2026-03-15 17:27:46.588600,Lal Shahbaz Area,63.68226072867902,1.3664759548631344,,,,27.29671443541974,38.12446113568809,1
3447,2026-03-15 17:27:46.588600,Minara Road Sukkur,69.4643597246852,2.417227722944273,,,,24.95726628638806,40.50045850809466,1
4168,2026-03-15 17:27:46.588600,New Sukkur Township,71.74525917503856,5.248490527583223,,,,28.324973213285073,45.08954890732637,1
4889,2026-03-15 17:27:46.588600,Old Sukkur City,79.27930058540146,1.8786643129231264,,,,22.11795653744546,40.396389313914916,1
5610,2026-03-15 17:27:46.588600,Pano Aqil Town,59.175892739915504,1.4926752211765753,,,,24.54604702515042,44.42751477209754,1
6331,2026-03-15 17:27:46.588600,Rohri City,65.12950425977496,1.5175292614192688,,,,25.97649993775742,47.30525299674679,1
7052,2026-03-15 17:27:46.588600,Saleh Pat Sukkur,50.11978912470193,3.252970333101903,,,,23.757053829458624,35.0,1
7773,2026-03-15 17:27:46.588600,Shikarpur Road Sukkur,39.351627714573276,2.475483339257685,,,,26.30834327392879,44.16825970882672,1
8494,2026-03-15 17:27:46.588600,Sukkur Barrage Colony,72.08327620657228,4.261508380484036,,,,30.59383897519003,37.40732959214115,1
9215,2026-03-15 17:27:46.588600,Sukkur Cantt,77.48045855338357,5.550593884532561,,,,22.180765525889246,37.57991018287051,1
9936,2026-03-15 17:27:46.588600,Sukkur City Center,78.11039629080435,1.9813648575952378,,,,22.970463908196606,41.18439161489235,1
10657,2026-03-15 17:27:46.588600,Sukkur Industrial Zone,50.56962075235958,3.8904270393868265,,,,27.422609594858244,36.743511399110595,1
564,2026-03-15 18:27:46.588600,Airport Road Sukkur,60.25323552573073,2.5549028125454525,,,,27.355193322255214,35.39608287503381,1
1285,2026-03-15 18:27:46.588600,Ghotki District Supply,35.84546282707576,1.1135180860719223,,,,28.270007358080072,37.69678230052583,1
2006,2026-03-15 18:27:46.588600,Lab-e-Mehran,45.492164042603,2.052923266356847,,,,28.76840318396589,41.03126696653806,1
2727,2026-03-15 18:27:46.588600,Lal Shahbaz Area,74.62416758920337,4.733858553381436,,,,27.863768857475662,40.06976834221757,1
3448,2026-03-15 18:27:46.588600,Minara Road Sukkur,65.93729967609752,3.3556308002086404,,,,26.926181608673335,35.0,1
4169,2026-03-15 18:27:46.588600,New Sukkur Township,78.47231453102623,4.01194775514052,,,,29.75939876587392,38.181409368854865,1
4890,2026-03-15 18:27:46.588600,Old Sukkur City,73.92483725082383,4.525436494821866,,,,26.45020687357948,43.475771636028576,1
5611,2026-03-15 18:27:46.588600,Pano Aqil Town,52.26560653471254,1.6050163165323987,,,,26.47538566117468,49.504608585548354,1
6332,2026-03-15 18:27:46.588600,Rohri City,59.974843357491245,3.193518306403741,,,,31.308788696040956,45.56355186423072,1
7053,2026-03-15 18:27:46.588600,Saleh Pat Sukkur,44.19158154044415,1.0471708456844944,,,,30.39263444028089,46.762143002494014,1
7774,2026-03-15 18:27:46.588600,Shikarpur Road Sukkur,39.25265102372479,2.9078505087888065,,,,28.178033073547407,47.460301218896554,1
8495,2026-03-15 18:27:46.588600,Sukkur Barrage Colony,63.168049894999335,3.9522743102495825,,,,30.70694737347361,45.222629543140876,1
9216,2026-03-15 18:27:46.588600,Sukkur Cantt,74.50207570460027,3.9893918637217425,,,,29.60890731755551,44.48872782197134,1
9937,2026-03-15 18:27:46.588600,Sukkur City Center,70.94401319917831,4.917876073237852,,,,23.90767606061614,39.55253237577599,1
10658,2026-03-15 18:27:46.588600,Sukkur Industrial Zone,47.054682041836614,3.1551494432223137,,,,25.678525127579036,42.9233276964086,1
565,2026-03-15 19:27:46.588600,Airport Road Sukkur,74.50178246236167,2.2377639136046366,,,,30.73622704831424,41.93482656867019,1
1286,2026-03-15 19:27:46.588600,Ghotki District Supply,40.58541457483534,1.5180966226951438,,,,28.333730039296785,45.68281245868603,1
2007,2026-03-15 19:27:46.588600,Lab-e-Mehran,52.695152894402575,4.192243969785286,,,,28.30001806749711,40.291398653474765,1
2728,2026-03-15 19:27:46.588600,Lal Shahbaz Area,77.71773279631527,4.2692372957535545,,,,33.96179571103242,41.9220703733839,1
3449,2026-03-15 19:27:46.588600,Minara Road Sukkur,72.62743201858859,5.2194253857497195,,,,29.023996007570652,37.4644130400615,1
4170,2026-03-15 19:27:46.588600,New Sukkur Township,78.7538720825495,3.4447439991185256,,,,31.227446813406182,41.13470482813637,1
4891,2026-03-15 19:27:46.588600,Old Sukkur City,82.06482467560507,5.623346836602026,,,,27.96223754866636,51.97153014114635,1
5612,2026-03-15 19:27:46.588600,Pano Aqil Town,56.98348852572058,4.539138280932256,,,,32.08944809162693,50.11484750266181,1
6333,2026-03-15 19:27:46.588600,Rohri City,81.37829856649262,5.95559642576285,,,,29.859455131027374,46.73813108889189,1
7054,2026-03-15 19:27:46.588600,Saleh Pat Sukkur,64.40761240050726,4.6126686117908795,,,,29.542003185342487,42.90576934926396,1
7775,2026-03-15 19:27:46.588600,Shikarpur Road Sukkur,53.83737366186118,1.1480340472720716,,,,30.72935445763179,36.90825633260624,1
8496,2026-03-15 19:27:46.588600,Sukkur Barrage Colony,67.02684375893257,2.621057696656109,,,,28.78188825699902,41.64780418310004,1
9217,2026-03-15 19:27:46.588600,Sukkur Cantt,86.2924563203323,4.360131690242649,,,,30.38705069062025,35.0,1
9938,2026-03-15 19:27:46.588600,Sukkur City Center,86.38162287065927,2.840641045913665,,,,27.270447859725213,35.39033077388274,1
10659,2026-03-15 19:27:46.588600,Sukkur Industrial Zone,65.593873601329,2.7271304265272827,,,,30.3574139555735,42.17419802863443,1
566,2026-03-15 20:27:46.588600,Airport Road Sukkur,81.32680117929013,4.342112684489987,,,,29.668329194736955,42.694795371495196,1
1287,2026-03-15 20:27:46.588600,Ghotki District Supply,55.75068940345804,1.4953047044091208,,,,27.62671424305049,48.355513527628474,1
2008,2026-03-15 20:27:46.588600,Lab-e-Mehran,65.46987050345152,3.0784399631487003,,,,29.89464247818688,48.049935411275136,1
2729,2026-03-15 20:27:46.588600,Lal Shahbaz Area,89.16276819848288,2.937439469661412,,,,31.16143447043002,38.612061055840556,1
3450,2026-03-15 20:27:46.588600,Minara Road Sukkur,76.81819277867882,5.354716071626189,,,,28.780872249377854,49.40412930452951,1
4171,2026-03-15 20:27:46.588600,New Sukkur Township,94.05251634664735,5.226276981417176,,,,29.436140244638043,40.428125448572686,1
4892,2026-03-15 20:27:46.588600,Old Sukkur City,93.64112502905544,6.713427143001101,,,,30.819784469179925,48.11689322382912,1
5613,2026-03-15 20:27:46.588600,Pano Aqil Town,70.05652492120238,4.4651685333408695,,,,30.331641617844536,50.37408298179981,1
6334,2026-03-15 20:27:46.588600,Rohri City,87.81465436767938,3.1632147426315447,,,,31.89494750453394,49.420180694992055,1
7055,2026-03-15 20:27:46.588600,Saleh Pat Sukkur,69.44990519512409,2.7331305751107933,,,,31.540183744275136,42.04880762527226,1
7776,2026-03-15 20:27:46.588600,Shikarpur Road Sukkur,53.959881338033604,4.192276828468213,,,,31.72814832588686,45.33050415668699,1
8497,2026-03-15 20:27:46.588600,Sukkur Barrage Colony,74.54347239207586,1.6828404869541558,,,,27.66206441025489,45.462284651816574,1
9218,2026-03-15 20:27:46.588600,Sukkur Cantt,92.15569759914223,3.078232722414253,,,,32.20370095654088,40.29828518568223,1
9939,2026-03-15 20:27:46.588600,Sukkur City Center,87.53781278327853,5.921311154971341,,,,29.218240553264643,37.579739452953646,1
10660,2026-03-15 20:27:46.588600,Sukkur Industrial Zone,64.40768281969342,3.177668680740812,,,,29.380668441249362,40.69062513963951,1
567,2026-03-15 21:27:46.588600,Airport Road Sukkur,84.42375588088967,2.707970250103876,,,,25.946533784090796,56.136923077649904,1
1288,2026-03-15 21:27:46.588600,Ghotki District Supply,57.07029811256419,3.7968637649433545,,,,30.859140107093545,47.77434292586512,1
2009,2026-03-15 21:27:46.588600,Lab-e-Mehran,73.61429735596518,3.4494803773661493,,,,30.969211740732838,45.19145599401189,1
2730,2026-03-15 21:27:46.588600,Lal Shahbaz Area,87.38266254475097,6.852325073841221,,,,28.916459940656317,35.0,1
3451,2026-03-15 21:27:46.588600,Minara Road Sukkur,82.12105720270138,6.391271111188103,,,,27.725465455903137,39.2600684435815,1
4172,2026-03-15 21:27:46.588600,New Sukkur Township,96.39300098390774,2.488037928994196,,,,32.982230506638516,49.32985547753858,1
4893,2026-03-15 21:27:46.588600,Old Sukkur City,99.441170191996,7.846382020407191,,,,29.75261510837207,40.54936663194663,1
5614,2026-03-15 21:27:46.588600,Pano Aqil Town,66.19679407974057,1.3728640970298678,,,,31.114623665632518,47.68334705901299,1
6335,2026-03-15 21:27:46.588600,Rohri City,88.81231809493164,6.2269717522513295,,,,27.850998320001928,48.26233569161865,1
7056,2026-03-15 21:27:46.588600,Saleh Pat Sukkur,66.15085174171912,2.513778814123136,,,,32.670132848029695,42.943251522063434,1
7777,2026-03-15 21:27:46.588600,Shikarpur Road Sukkur,51.953564503914485,3.8496401064565027,,,,27.99836234901623,45.91698052724418,1
8498,2026-03-15 21:27:46.588600,Sukkur Barrage Colony,80.54101190157495,3.3112196922395074,,,,26.422121029893844,43.344836865294766,1
9219,2026-03-15 21:27:46.588600,Sukkur Cantt,95.14775678146906,3.0061532115480656,,,,30.470434515912167,55.34317090508592,1
9940,2026-03-15 21:27:46.588600,Sukkur City Center,92.22535821173526,5.823584393898545,,,,29.49982692863962,45.24781892664732,1
10661,2026-03-15 21:27:46.588600,Sukkur Industrial Zone,62.248921562971105,1.596608914798895,,,,30.699434906102905,43.26985063805409,1
568,2026-03-15 22:27:46.588600,Airport Road Sukkur,64.03928279651625,2.032039247266652,,,,27.876752526548824,50.40787735082727,1
1289,2026-03-15 22:27:46.588600,Ghotki District Supply,45.037960205309254,1.582987185128084,,,,29.33246817612461,49.43201073757417,1
2010,2026-03-15 22:27:46.588600,Lab-e-Mehran,55.266944653275075,2.730077933976647,,,,29.0835633748756,54.327858347884614,1
2731,2026-03-15 22:27:46.588600,Lal Shahbaz Area,61.725819885176534,1.9761605923118102,,,,28.4010473851366,56.03079857615057,1
3452,2026-03-15 22:27:46.588600,Minara Road Sukkur,70.05780953846545,4.645186794449275,,,,28.963511256102155,46.407689674078036,1
4173,2026-03-15 22:27:46.588600,New Sukkur Township,73.71553132615274,1.5201842276925004,,,,26.270230783849456,60.285581191350886,1
4894,2026-03-15 22:27:46.588600,Old Sukkur City,76.67282629827403,5.898877180763132,,,,25.89638655276808,46.334284896906425,1
5615,2026-03-15 22:27:46.588600,Pano Aqil Town,57.33322504554196,4.476623563181072,,,,29.032184065474322,51.06048679267518,1
6336,2026-03-15 22:27:46.588600,Rohri City,73.98068817447577,1.5712653780126309,,,,30.478909183059194,49.29736562059847,1
7057,2026-03-15 22:27:46.588600,Saleh Pat Sukkur,57.39476872342827,3.5541521876051565,,,,28.176500604363362,53.61636300392643,1
7778,2026-03-15 22:27:46.588600,Shikarpur Road Sukkur,43.72614002932213,1.3099429070315485,,,,27.239397429992998,58.29195135555271,1
8499,2026-03-15 22:27:46.588600,Sukkur Barrage Colony,59.99269578725733,2.182809939355305,,,,31.096792434225833,55.26708955341376,1
9220,2026-03-15 22:27:46.588600,Sukkur Cantt,79.88641668583756,2.034807123690751,,,,27.45743220035058,58.95251626899293,1
9941,2026-03-15 22:27:46.588600,Sukkur City Center,77.71181488245814,4.710501798979853,,,,29.519265619945234,50.41511473034902,1
10662,2026-03-15 22:27:46.588600,Sukkur Industrial Zone,52.868620265742535,1.3687361848987292,,,,27.126793968319998,50.827196839595445,1
569,2026-03-15 23:27:46.588600,Airport Road Sukkur,60.35575624533727,4.192955606688652,,,,25.89261475468147,58.46920877623672,1
1290,2026-03-15 23:27:46.588600,Ghotki District Supply,46.32457919859063,1.9386003318354261,,,,22.76435864733118,53.81702928942346,1
2011,2026-03-15 23:27:46.588600,Lab-e-Mehran,45.51667806644843,3.338596225039146,,,,26.12655130029529,57.238595478283926,1
2732,2026-03-15 23:27:46.588600,Lal Shahbaz Area,62.77693560576593,2.7397129449964073,,,,27.269234174925327,56.31017356955037,1
3453,2026-03-15 23:27:46.588600,Minara Road Sukkur,63.93991661732875,1.9975794665556532,,,,26.68657647902812,65.4260737364522,1
4174,2026-03-15 23:27:46.588600,New Sukkur Township,70.55618094886782,4.312803804375287,,,,23.944228531829012,60.19795972193971,1
4895,2026-03-15 23:27:46.588600,Old Sukkur City,77.4247769412183,6.02138020991532,,,,22.550510970494724,56.52286656551414,1
5616,2026-03-15 23:27:46.588600,Pano Aqil Town,57.09034901532779,3.091423705109013,,,,26.352520523394528,49.12117670753983,1
6337,2026-03-15 23:27:46.588600,Rohri City,64.66377425089351,3.009325878261724,,,,26.967868117485413,63.35712324519241,1
7058,2026-03-15 23:27:46.588600,Saleh Pat Sukkur,50.705038379413914,3.1185800197616866,,,,29.6269976981382,57.42311472951588,1
7779,2026-03-15 23:27:46.588600,Shikarpur Road Sukkur,38.59998164460514,0.9144440543167148,,,,27.538031683473005,57.395679003405256,1
8500,2026-03-15 23:27:46.588600,Sukkur Barrage Colony,62.919816697589305,4.54038977763615,,,,28.409000469298064,53.445765679745826,1
9221,2026-03-15 23:27:46.588600,Sukkur Cantt,77.34535419966775,2.6767154179715176,,,,25.586447681160465,61.62471256550719,1
9942,2026-03-15 23:27:46.588600,Sukkur City Center,71.02237902217443,2.6664559267872594,,,,23.423895389580185,51.80281466650511,1
10663,2026-03-15 23:27:46.588600,Sukkur Industrial Zone,55.433437832243165,2.7227139440364336,,,,24.536332351518144,65.13070837882839,1
570,2026-03-16 00:27:46.588600,Airport Road Sukkur,57.80616855952198,2.2701390146952702,,,,22.097793410898092,58.91523490279851,1
1291,2026-03-16 00:27:46.588600,Ghotki District Supply,39.5540992937296,1.3958845136559719,,,,24.3768520660606,63.20874863141259,1
2012,2026-03-16 00:27:46.588600,Lab-e-Mehran,44.14038425247544,3.459771338265143,,,,25.593480791034626,71.56180207309532,1
2733,2026-03-16 00:27:46.588600,Lal Shahbaz Area,71.18774140394333,3.5223860468631654,,,,25.121483008932696,75.98463092484081,1
3454,2026-03-16 00:27:46.588600,Minara Road Sukkur,64.43267527639107,2.058145059106238,,,,25.662322495041526,69.44771571585385,1
4175,2026-03-16 00:27:46.588600,New Sukkur Township,64.2323143359423,3.128381042678549,,,,23.448739227484168,64.32555202688309,1
4896,2026-03-16 00:27:46.588600,Old Sukkur City,77.48898709940975,4.707205750822112,,,,22.820148403021626,62.138991724466095,1
5617,2026-03-16 00:27:46.588600,Pano Aqil Town,54.34509737211026,1.1384064510931926,,,,25.594718097991166,62.9120974305458,1
6338,2026-03-16 00:27:46.588600,Rohri City,66.12495122642962,4.311085183098447,,,,26.64727895084141,65.7028394488789,1
7059,2026-03-16 00:27:46.588600,Saleh Pat Sukkur,48.19547698841008,3.715507495392538,,,,24.531989887851243,59.51439019535887,1
7780,2026-03-16 00:27:46.588600,Shikarpur Road Sukkur,40.88727590677935,2.7181353901876686,,,,27.760854365349815,61.05289009689306,1
8501,2026-03-16 00:27:46.588600,Sukkur Barrage Colony,62.582434851531616,2.987798675798069,,,,22.372710624498534,61.72347115364461,1
9222,2026-03-16 00:27:46.588600,Sukkur Cantt,67.18778389970822,3.120737993495536,,,,21.033086445020512,65.77949757739911,1
9943,2026-03-16 00:27:46.588600,Sukkur City Center,78.32126390850942,4.811298846029539,,,,26.268843732844267,60.930673806140746,1
10664,2026-03-16 00:27:46.588600,Sukkur Industrial Zone,53.64194597244644,1.8474006598086858,,,,20.728435748922035,70.93202976773271,1
571,2026-03-16 01:27:46.588600,Airport Road Sukkur,56.8924024423267,2.214981169568566,,,,20.21748892245506,71.68022693774974,1
1292,2026-03-16 01:27:46.588600,Ghotki District Supply,43.22641061819076,1.2798758058659065,,,,20.017423414461113,64.57999025269203,1
2013,2026-03-16 01:27:46.588600,Lab-e-Mehran,54.69135683619125,2.6284408883884036,,,,21.377950001010593,77.94703606702353,1
2734,2026-03-16 01:27:46.588600,Lal Shahbaz Area,67.3946812141167,1.9639377757937146,,,,23.05408933317862,72.91129293003127,1
3455,2026-03-16 01:27:46.588600,Minara Road Sukkur,66.56649472679723,4.992230129077972,,,,19.270488721633175,63.65145777143554,1
4176,2026-03-16 01:27:46.588600,New Sukkur Township,74.56251623807923,3.7167290472368437,,,,22.894920044101564,69.4468038391118,1
4897,2026-03-16 01:27:46.588600,Old Sukkur City,76.92857313824459,5.660868237751199,,,,24.00949282580299,69.81322686920817,1
5618,2026-03-16 01:27:46.588600,Pano Aqil Town,51.687120597691,1.630499422582203,,,,17.337100613164658,76.97405345607746,1
6339,2026-03-16 01:27:46.588600,Rohri City,65.96856677478735,4.021228810619934,,,,20.321936633297934,64.68541127649831,1
7060,2026-03-16 01:27:46.588600,Saleh Pat Sukkur,48.71631282755888,1.1358325036460275,,,,23.026786778676463,79.50603326677877,1
7781,2026-03-16 01:27:46.588600,Shikarpur Road Sukkur,38.63057405822254,2.2592569705326864,,,,20.604677532264787,69.92150124305037,1
8502,2026-03-16 01:27:46.588600,Sukkur Barrage Colony,64.67794631661594,5.066773955186152,,,,19.75702526809865,63.64657161946847,1
9223,2026-03-16 01:27:46.588600,Sukkur Cantt,80.08286848210076,1.8118280515554432,,,,16.93553407306587,78.98864797643763,1
9944,2026-03-16 01:27:46.588600,Sukkur City Center,78.38387013956175,2.3961854188761005,,,,18.401654601112835,76.94453665530183,1
10665,2026-03-16 01:27:46.588600,Sukkur Industrial Zone,49.50200385760812,2.6562296429937375,,,,21.87869086669711,66.64372674495138,1
572,2026-03-16 02:27:46.588600,Airport Road Sukkur,61.77451311413585,3.7671780199692866,,,,14.939077180930322,81.50695900080157,1
1293,2026-03-16 02:27:46.588600,Ghotki District Supply,45.27019429614759,1.2216341134930686,,,,16.7670156976863,73.73340696045715,1
2014,2026-03-16 02:27:46.588600,Lab-e-Mehran,46.807353440546606,3.135245378661102,,,,20.915251026299458,77.86396806273726,1
2735,2026-03-16 02:27:46.588600,Lal Shahbaz Area,62.729394964809806,2.959132421323357,,,,15.920678130333602,79.05554555229806,1
3456,2026-03-16 02:27:46.588600,Minara Road Sukkur,62.6337766182031,3.876129519714476,,,,16.890012172870804,82.22657667801829,1
4177,2026-03-16 02:27:46.588600,New Sukkur Township,71.36700308616035,4.083602089783413,,,,17.841022615774847,75.57391059046891,1
4898,2026-03-16 02:27:46.588600,Old Sukkur City,72.80901861556579,4.304265482585189,,,,15.708381882918104,71.19881737509468,1
5619,2026-03-16 02:27:46.588600,Pano Aqil Town,54.355147809003604,2.041974655364074,,,,16.739556354943872,69.93755234481304,1
6340,2026-03-16 02:27:46.588600,Rohri City,68.34027628268446,3.2020488440942048,,,,15.665508729362978,72.66387095162207,1
7061,2026-03-16 02:27:46.588600,Saleh Pat Sukkur,52.05450583807583,2.220942772378663,,,,14.623425762648491,81.92565215622926,1
7782,2026-03-16 02:27:46.588600,Shikarpur Road Sukkur,41.371045727401885,1.3585928907808145,,,,15.52023618736252,67.10957021022755,1
8503,2026-03-16 02:27:46.588600,Sukkur Barrage Colony,65.87656382799288,2.001605989562494,,,,14.842252819303122,74.6883695643611,1
9224,2026-03-16 02:27:46.588600,Sukkur Cantt,75.52497262844425,4.190182441489678,,,,20.41989791463556,73.47177392445228,1
9945,2026-03-16 02:27:46.588600,Sukkur City Center,77.03239109931917,3.462481763037817,,,,17.992911837246204,78.93949467207801,1
10666,2026-03-16 02:27:46.588600,Sukkur Industrial Zone,53.67053514580572,3.343360468538187,,,,19.93644414425123,80.66692501824625,1
573,2026-03-16 03:27:46.588600,Airport Road Sukkur,63.6376620627989,2.711812996725053,,,,18.447381558499384,81.15345655311425,1
1294,2026-03-16 03:27:46.588600,Ghotki District Supply,40.626635593050864,2.4287118413056246,,,,16.56871447405865,78.81730724009718,1
2015,2026-03-16 03:27:46.588600,Lab-e-Mehran,57.05754113836784,1.4737507776954808,,,,13.214405905614328,76.13841141959392,1
2736,2026-03-16 03:27:46.588600,Lal Shahbaz Area,67.51052596605422,2.9426747807000786,,,,10.521412796429662,79.20758488311675,1
3457,2026-03-16 03:27:46.588600,Minara Road Sukkur,55.83398632095874,2.8618097847901502,,,,15.837404243113866,81.40551539391791,1
4178,2026-03-16 03:27:46.588600,New Sukkur Township,75.86773677266875,2.9228994314802095,,,,10.490061308212415,85.0,1
4899,2026-03-16 03:27:46.588600,Old Sukkur City,74.96509106629141,5.076653411324242,,,,12.32209123516029,82.82264089013876,1
5620,2026-03-16 03:27:46.588600,Pano Aqil Town,50.14178916765309,3.2476233035165274,,,,15.368351722415738,82.79281775056923,1
6341,2026-03-16 03:27:46.588600,Rohri City,64.96627674250651,4.161837782158595,,,,17.047992915109614,84.0412075108044,1
7062,2026-03-16 03:27:46.588600,Saleh Pat Sukkur,54.511730304383,1.367294849127903,,,,14.929604212431444,81.46903445743514,1
7783,2026-03-16 03:27:46.588600,Shikarpur Road Sukkur,40.08616122153837,2.4814770014127743,,,,16.02953850748044,85.0,1
8504,2026-03-16 03:27:46.588600,Sukkur Barrage Colony,68.45394776727673,4.984379537321789,,,,17.489926989972364,85.0,1
9225,2026-03-16 03:27:46.588600,Sukkur Cantt,73.45564459769774,4.929291045244232,,,,12.75456240598947,85.0,1
9946,2026-03-16 03:27:46.588600,Sukkur City Center,82.06478081069669,2.3681627904359637,,,,15.607583652527065,78.43681147874332,1
10667,2026-03-16 03:27:46.588600,Sukkur Industrial Zone,45.82350087805093,1.7983680321388622,,,,13.583256279391593,85.0,1
574,2026-03-16 04:27:46.588600,Airport Road Sukkur,61.66452735559848,4.7910726151195195,,,,15.9991164488257,85.0,1
1295,2026-03-16 04:27:46.588600,Ghotki District Supply,41.26159585229978,1.7109366216216362,,,,11.893873339680146,85.0,1
2016,2026-03-16 04:27:46.588600,Lab-e-Mehran,44.81524350647998,1.690677618110956,,,,11.569004795308421,85.0,1
2737,2026-03-16 04:27:46.588600,Lal Shahbaz Area,61.27775949266154,4.531692132388503,,,,11.534618861163885,85.0,1
3458,2026-03-16 04:27:46.588600,Minara Road Sukkur,65.84332303099586,1.8161049857632368,,,,12.633954872512138,85.0,1
4179,2026-03-16 04:27:46.588600,New Sukkur Township,74.74655412919459,3.8524273469338017,,,,14.522537960045241,82.68052641453468,1
4900,2026-03-16 04:27:46.588600,Old Sukkur City,78.60987733831308,5.084968932411275,,,,8.0,84.26116503930395,1
5621,2026-03-16 04:27:46.588600,Pano Aqil Town,49.0952940518864,3.881153280225928,,,,14.573301441890973,85.0,1
6342,2026-03-16 04:27:46.588600,Rohri City,63.596621120082126,1.3846674013289997,,,,15.478931140837354,85.0,1
7063,2026-03-16 04:27:46.588600,Saleh Pat Sukkur,51.10620273057077,1.9962183263433513,,,,12.46568115977256,84.9125555178825,1
7784,2026-03-16 04:27:46.588600,Shikarpur Road Sukkur,45.626636757533795,1.1966576495354044,,,,12.842430272286657,81.13823775883682,1
8505,2026-03-16 04:27:46.588600,Sukkur Barrage Colony,65.54073683359003,3.6869910089753826,,,,8.0,80.29977469427504,1
9226,2026-03-16 04:27:46.588600,Sukkur Cantt,75.61508041176872,5.991464676857987,,,,12.76531945781592,85.0,1
9947,2026-03-16 04:27:46.588600,Sukkur City Center,76.77015907876934,1.8264010194905491,,,,12.451917060189238,78.53050591997555,1
10668,2026-03-16 04:27:46.588600,Sukkur Industrial Zone,54.57083470022867,4.2675170558022,,,,8.0,85.0,1
575,2026-03-16 05:27:46.588600,Airport Road Sukkur,64.13768647344413,3.953106897210841,,,,11.760773064932188,85.0,1
1296,2026-03-16 05:27:46.588600,Ghotki District Supply,40.197180347865434,1.8220862523648835,,,,9.248579778096888,85.0,1
2017,2026-03-16 05:27:46.588600,Lab-e-Mehran,48.162063871349226,1.3494269172682216,,,,11.922023622010597,85.0,1
2738,2026-03-16 05:27:46.588600,Lal Shahbaz Area,61.64218930058397,4.043652526098729,,,,8.038041025267043,80.41308537707071,1
3459,2026-03-16 05:27:46.588600,Minara Road Sukkur,60.108683654489596,3.1316123736182275,,,,9.161684834179269,85.0,1
4180,2026-03-16 05:27:46.588600,New Sukkur Township,79.26795211178275,5.585108066318199,,,,8.0,83.78460841429043,1
4901,2026-03-16 05:27:46.588600,Old Sukkur City,69.3866810660407,4.816515223245393,,,,11.020774784895,85.0,1
5622,2026-03-16 05:27:46.588600,Pano Aqil Town,52.59385873946696,1.4928543417902733,,,,9.147423244152781,85.0,1
6343,2026-03-16 05:27:46.588600,Rohri City,52.65271406900105,3.2336919539008093,,,,8.124855649042138,84.08247912277002,1
7064,2026-03-16 05:27:46.588600,Saleh Pat Sukkur,53.01135147903281,3.374900460461924,,,,8.713095144107779,85.0,1
7785,2026-03-16 05:27:46.588600,Shikarpur Road Sukkur,46.957995033389096,3.2408003657331292,,,,9.60280908768083,85.0,1
8506,2026-03-16 05:27:46.588600,Sukkur Barrage Colony,66.46921704639588,1.6146647868183532,,,,9.907993522554229,84.88780023628912,1
9227,2026-03-16 05:27:46.588600,Sukkur Cantt,77.60138070766432,4.237133028081961,,,,8.0,85.0,1
9948,2026-03-16 05:27:46.588600,Sukkur City Center,77.17295205209126,3.913943134261209,,,,8.660797460990521,85.0,1
10669,2026-03-16 05:27:46.588600,Sukkur Industrial Zone,54.36135992282567,1.3892943592757858,,,,8.487165488350817,85.0,1
576,2026-03-16 06:27:46.588600,Airport Road Sukkur,67.0170884243256,1.5767347578072675,,,,8.0,85.0,1
1297,2026-03-16 06:27:46.588600,Ghotki District Supply,44.8254493383803,1.6919822974370673,,,,8.496616060413233,85.0,1
2018,2026-03-16 06:27:46.588600,Lab-e-Mehran,49.668314189937206,2.6677711211601216,,,,10.374866028326263,85.0,1
2739,2026-03-16 06:27:46.588600,Lal Shahbaz Area,60.84833743366832,3.8709591853459786,,,,8.38879143473265,85.0,1
3460,2026-03-16 06:27:46.588600,Minara Road Sukkur,60.36996323533948,2.426376423767899,,,,8.0,85.0,1
4181,2026-03-16 06:27:46.588600,New Sukkur Township,74.7181763148252,5.695340937720761,,,,8.0,85.0,1
4902,2026-03-16 06:27:46.588600,Old Sukkur City,71.743092303004,1.7972756411761743,,,,8.0,85.0,1
5623,2026-03-16 06:27:46.588600,Pano Aqil Town,47.97965687345937,2.672015522780294,,,,8.620279126161345,80.72063847202013,1
6344,2026-03-16 06:27:46.588600,Rohri City,64.32555778549617,2.4959843334593734,,,,8.0,85.0,1
7065,2026-03-16 06:27:46.588600,Saleh Pat Sukkur,52.624484026965284,1.6267459427013822,,,,8.0,83.76340136588416,1
7786,2026-03-16 06:27:46.588600,Shikarpur Road Sukkur,38.88203499392465,2.9305671617029283,,,,8.0,85.0,1
8507,2026-03-16 06:27:46.588600,Sukkur Barrage Colony,66.64959420021927,2.9225358973265063,,,,8.0,85.0,1
9228,2026-03-16 06:27:46.588600,Sukkur Cantt,77.29652188965215,4.621697328314304,,,,10.971512267714733,84.60452619121347,1
9949,2026-03-16 06:27:46.588600,Sukkur City Center,77.71706811836852,3.124454054884171,,,,11.263208784888924,85.0,1
10670,2026-03-16 06:27:46.588600,Sukkur Industrial Zone,49.40984618825999,3.493051021503295,,,,8.0,85.0,1
577,2026-03-16 07:27:46.588600,Airport Road Sukkur,65.22304481408682,3.040441296171651,,,,8.0,85.0,1
1298,2026-03-16 07:27:46.588600,Ghotki District Supply,44.333212020008595,2.066425468256681,,,,8.0,85.0,1
2019,2026-03-16 07:27:46.588600,Lab-e-Mehran,52.98228752965598,2.787479682832073,,,,8.0,85.0,1
2740,2026-03-16 07:27:46.588600,Lal Shahbaz Area,59.89035354203946,3.1904656965652283,,,,8.464688214736723,85.0,1
3461,2026-03-16 07:27:46.588600,Minara Road Sukkur,67.50244796508255,2.760760765261766,,,,8.0,79.99578245071301,1
4182,2026-03-16 07:27:46.588600,New Sukkur Township,77.31617634602314,5.828904291340061,,,,8.0,85.0,1
4903,2026-03-16 07:27:46.588600,Old Sukkur City,74.27935601305123,5.023667338057556,,,,8.0,85.0,1
5624,2026-03-16 07:27:46.588600,Pano Aqil Town,46.86245882033457,2.855764145937971,,,,8.0,85.0,1
6345,2026-03-16 07:27:46.588600,Rohri City,62.872932876910866,2.554136373724214,,,,8.0,85.0,1
7066,2026-03-16 07:27:46.588600,Saleh Pat Sukkur,52.61051885209053,1.4782619139079423,,,,8.0,85.0,1
7787,2026-03-16 07:27:46.588600,Shikarpur Road Sukkur,39.89875051144075,2.292656205482203,,,,8.0,85.0,1
8508,2026-03-16 07:27:46.588600,Sukkur Barrage Colony,65.42484855881165,1.4972696784579058,,,,8.0,82.48863282093342,1
9229,2026-03-16 07:27:46.588600,Sukkur Cantt,71.24583743714877,4.875174799719837,,,,8.0,85.0,1
9950,2026-03-16 07:27:46.588600,Sukkur City Center,73.97478790070632,2.9382319306221567,,,,8.0,85.0,1
10671,2026-03-16 07:27:46.588600,Sukkur Industrial Zone,49.09723924970755,2.1426068371777967,,,,8.0,85.0,1
578,2026-03-16 08:27:46.588600,Airport Road Sukkur,70.35994046639075,3.399289701522095,,,,8.0,80.70963190071966,1
1299,2026-03-16 08:27:46.588600,Ghotki District Supply,38.84290200321742,2.688148985706025,,,,8.0,85.0,1
2020,2026-03-16 08:27:46.588600,Lab-e-Mehran,50.96407036071745,1.029985934476151,,,,8.58446265052754,84.32946431169027,1
2741,2026-03-16 08:27:46.588600,Lal Shahbaz Area,52.51222824831919,2.7104681819659735,,,,8.0,85.0,1
3462,2026-03-16 08:27:46.588600,Minara Road Sukkur,62.19239872714729,3.4754823234630066,,,,8.0,79.35649843214632,1
4183,2026-03-16 08:27:46.588600,New Sukkur Township,78.01698453660477,5.127652239466007,,,,8.0,85.0,1
4904,2026-03-16 08:27:46.588600,Old Sukkur City,74.43141510942023,2.1226077134733217,,,,8.0,71.67152132603265,1
5625,2026-03-16 08:27:46.588600,Pano Aqil Town,46.85238964972264,3.551873937264224,,,,8.436819565878574,85.0,1
6346,2026-03-16 08:27:46.588600,Rohri City,69.4689705886574,1.7238910044057398,,,,8.0,85.0,1
7067,2026-03-16 08:27:46.588600,Saleh Pat Sukkur,60.11028657167857,2.1138300231200047,,,,8.0,85.0,1
7788,2026-03-16 08:27:46.588600,Shikarpur Road Sukkur,37.77716564171805,1.4146802345167422,,,,8.0,81.74114971848263,1
8509,2026-03-16 08:27:46.588600,Sukkur Barrage Colony,69.86823795512926,4.442931223393061,,,,8.0,85.0,1
9230,2026-03-16 08:27:46.588600,Sukkur Cantt,69.57002383921551,4.467158577403404,,,,8.0,84.97465958492714,1
9951,2026-03-16 08:27:46.588600,Sukkur City Center,75.32635756634974,5.0808747421706455,,,,8.0,79.10211964581183,1
10672,2026-03-16 08:27:46.588600,Sukkur Industrial Zone,43.75291942844805,2.5764350592138974,,,,8.0,82.15575688826557,1
579,2026-03-16 09:27:46.588600,Airport Road Sukkur,58.03730512026796,2.5289110410012428,,,,8.0,85.0,1
1300,2026-03-16 09:27:46.588600,Ghotki District Supply,41.89743218496017,3.1740728262219795,,,,9.464096889029914,85.0,1
2021,2026-03-16 09:27:46.588600,Lab-e-Mehran,55.80935352449368,1.1363950239532374,,,,8.0,78.44921986070585,1
2742,2026-03-16 09:27:46.588600,Lal Shahbaz Area,68.84683418137648,4.845866339624806,,,,8.0,82.17124615332528,1
3463,2026-03-16 09:27:46.588600,Minara Road Sukkur,62.74379302867098,2.3387442471167788,,,,8.0,79.2244018561597,1
4184,2026-03-16 09:27:46.588600,New Sukkur Township,78.19278005352639,6.0532152586092245,,,,8.0,85.0,1
4905,2026-03-16 09:27:46.588600,Old Sukkur City,70.76398019805843,2.503082515308236,,,,9.24432733387287,82.66163853742133,1
5626,2026-03-16 09:27:46.588600,Pano Aqil Town,56.99801147651286,3.6760244900892465,,,,8.0,79.54625553860565,1
6347,2026-03-16 09:27:46.588600,Rohri City,55.741984208479124,4.232800165488086,,,,8.0,77.78728278921305,1
7068,2026-03-16 09:27:46.588600,Saleh Pat Sukkur,57.61619850093567,3.745957853993229,,,,9.641793014344904,83.07029891425141,1
7789,2026-03-16 09:27:46.588600,Shikarpur Road Sukkur,43.08634808579521,2.0271715628098983,,,,8.0,80.57472367387984,1
8510,2026-03-16 09:27:46.588600,Sukkur Barrage Colony,66.63390284430743,3.064470932105999,,,,8.0,78.5271759278595,1
9231,2026-03-16 09:27:46.588600,Sukkur Cantt,80.37986200320316,2.4803884113056265,,,,8.0,78.74416970768945,1
9952,2026-03-16 09:27:46.588600,Sukkur City Center,72.33990015222786,1.7952883112261957,,,,8.056583927777522,81.29696455444085,1
10673,2026-03-16 09:27:46.588600,Sukkur Industrial Zone,54.422524131062005,3.8752229722122564,,,,8.0,83.81668638505894,1
580,2026-03-16 10:27:46.588600,Airport Road Sukkur,75.39801066010544,1.661108442343999,,,,9.441624658561114,78.11061004206294,1
1301,2026-03-16 10:27:46.588600,Ghotki District Supply,49.39761417258545,3.3659407051888546,,,,8.0,79.45886336891425,1
2022,2026-03-16 10:27:46.588600,Lab-e-Mehran,62.641546064932825,3.0807958857186155,,,,8.896189374655297,85.0,1
2743,2026-03-16 10:27:46.588600,Lal Shahbaz Area,75.26174878248553,4.453649360137631,,,,8.0,81.54113360276713,1
3464,2026-03-16 10:27:46.588600,Minara Road Sukkur,80.02243142305684,2.965986158899018,,,,8.0,77.20709857843052,1
4185,2026-03-16 10:27:46.588600,New Sukkur Township,93.77893244797431,2.626078098942286,,,,9.091044889695787,77.05920859980885,1
4906,2026-03-16 10:27:46.588600,Old Sukkur City,88.65693886994549,3.134229945238666,,,,8.10259208524148,85.0,1
5627,2026-03-16 10:27:46.588600,Pano Aqil Town,63.78957039961178,4.436369158982855,,,,8.0,83.64296844752187,1
6348,2026-03-16 10:27:46.588600,Rohri City,73.61416417519077,3.8098307891188385,,,,10.917652323328413,81.47675296346422,1
7069,2026-03-16 10:27:46.588600,Saleh Pat Sukkur,68.4845936615788,3.1620296803037857,,,,10.52207832432724,78.06783510036487,1
7790,2026-03-16 10:27:46.588600,Shikarpur Road Sukkur,46.57340788235639,3.262965837475487,,,,8.0,85.0,1
8511,2026-03-16 10:27:46.588600,Sukkur Barrage Colony,84.6524335835779,3.6309058006119086,,,,8.867223615722024,80.58322188003481,1
9232,2026-03-16 10:27:46.588600,Sukkur Cantt,82.43352857801767,4.790094737468359,,,,8.0,85.0,1
9953,2026-03-16 10:27:46.588600,Sukkur City Center,92.74339588437657,4.980523248422212,,,,8.0,81.25676994840339,1
10674,2026-03-16 10:27:46.588600,Sukkur Industrial Zone,67.10841177834929,1.9489920634806481,,,,8.0,75.89921432409864,1
581,2026-03-16 11:27:46.588600,Airport Road Sukkur,85.17662220646363,4.6904750353392455,,,,8.657970281389144,81.2419646057316,1
1302,2026-03-16 11:27:46.588600,Ghotki District Supply,52.620549056026505,4.112558065906027,,,,8.77573063378012,73.56785144654563,1
2023,2026-03-16 11:27:46.588600,Lab-e-Mehran,70.69479599282835,5.512167274677498,,,,9.682784327606715,71.80919244763344,1
2744,2026-03-16 11:27:46.588600,Lal Shahbaz Area,91.82138428057644,4.185531628196367,,,,8.0,80.0774119891679,1
3465,2026-03-16 11:27:46.588600,Minara Road Sukkur,83.00710308949702,3.9836112477854058,,,,8.0,71.23577759131352,1
4186,2026-03-16 11:27:46.588600,New Sukkur Township,101.10760808816813,2.103106267945785,,,,9.464232722587171,64.75725139214799,1
4907,2026-03-16 11:27:46.588600,Old Sukkur City,95.57456306889478,6.448948409179635,,,,10.328649098421794,75.46757140062769,1
5628,2026-03-16 11:27:46.588600,Pano Aqil Town,73.35370119313242,3.9432046840653348,,,,11.053369886931012,65.43607355502785,1
6349,2026-03-16 11:27:46.588600,Rohri City,90.50056021482392,4.202726252400136,,,,11.538443310329663,67.05819050120986,1
7070,2026-03-16 11:27:46.588600,Saleh Pat Sukkur,75.17062913669751,2.735527528699768,,,,9.619723876548347,68.63316253051262,1
7791,2026-03-16 11:27:46.588600,Shikarpur Road Sukkur,60.3733402662296,1.2297047826149197,,,,8.0,64.3307155346425,1
8512,2026-03-16 11:27:46.588600,Sukkur Barrage Colony,87.18644768309179,2.654049689663769,,,,9.567156485475588,72.2614540913859,1
9233,2026-03-16 11:27:46.588600,Sukkur Cantt,96.64331802017236,2.648538823892265,,,,11.521812990392283,74.95688944732801,1
9954,2026-03-16 11:27:46.588600,Sukkur City Center,96.32056938505319,5.006462049302257,,,,9.118985652847172,61.20141802568256,1
10675,2026-03-16 11:27:46.588600,Sukkur Industrial Zone,68.81146041376937,1.9167058671979982,,,,9.46512228596349,67.03978518693627,1
582,2026-03-16 12:27:46.588600,Airport Road Sukkur,96.19597538915204,7.295668059391683,,,,12.320274268990428,67.52771980289683,1
1303,2026-03-16 12:27:46.588600,Ghotki District Supply,63.10956864509116,2.1414528882246477,,,,9.558820820275756,69.66073356816608,1
2024,2026-03-16 12:27:46.588600,Lab-e-Mehran,72.65398148360858,3.632044719807371,,,,13.151104390193607,64.9694348190308,1
2745,2026-03-16 12:27:46.588600,Lal Shahbaz Area,86.43845440905785,6.298862145578215,,,,16.540251860133697,70.93859817876243,1
3466,2026-03-16 12:27:46.588600,Minara Road Sukkur,88.04900687111171,4.700653651921337,,,,11.055473407157805,65.62946633352067,1
4187,2026-03-16 12:27:46.588600,New Sukkur Township,103.84729576568927,2.6604012113852127,,,,9.75642272581732,59.54000205493461,1
4908,2026-03-16 12:27:46.588600,Old Sukkur City,101.89744641045738,3.1530934696258215,,,,9.525979090459167,60.379373811847884,1
5629,2026-03-16 12:27:46.588600,Pano Aqil Town,70.12613529055052,4.848187222069054,,,,11.057630393149507,65.57938261768015,1
6350,2026-03-16 12:27:46.588600,Rohri City,97.37995230365144,6.444860864308905,,,,10.456437550724111,70.36957322226156,1
7071,2026-03-16 12:27:46.588600,Saleh Pat Sukkur,70.65376229045113,3.3181647522675863,,,,11.735150133387073,67.93876503967836,1
7792,2026-03-16 12:27:46.588600,Shikarpur Road Sukkur,65.18615846265136,3.905854780905495,,,,13.743110668157128,67.60207675719359,1
8513,2026-03-16 12:27:46.588600,Sukkur Barrage Colony,89.67166525758643,4.869746687655835,,,,12.151266193422442,61.49119906682689,1
9234,2026-03-16 12:27:46.588600,Sukkur Cantt,99.75542660188503,5.677135650416868,,,,10.245046672248444,64.04011457255326,1
9955,2026-03-16 12:27:46.588600,Sukkur City Center,105.91679449291685,2.6350718386037433,,,,9.697157684795327,55.009331584526024,1
10676,2026-03-16 12:27:46.588600,Sukkur Industrial Zone,76.4619346945805,4.456133009640846,,,,15.604420461378876,59.011428829081865,1
583,2026-03-16 13:27:46.588600,Airport Road Sukkur,66.62750080804848,4.74831698461441,,,,14.370090776217866,60.87728365005697,1
1304,2026-03-16 13:27:46.588600,Ghotki District Supply,42.88355736805569,3.3237938683664305,,,,11.347445459856653,55.855305950040844,1
2025,2026-03-16 13:27:46.588600,Lab-e-Mehran,53.183918356396376,2.752791320347792,,,,12.394810487485143,59.9938422993245,1
2746,2026-03-16 13:27:46.588600,Lal Shahbaz Area,60.65396855600434,2.420039393994459,,,,16.56680979674447,63.355306674297985,1
3467,2026-03-16 13:27:46.588600,Minara Road Sukkur,61.67864525251967,3.251519891198887,,,,13.375153924827607,63.1933245334117,1
4188,2026-03-16 13:27:46.588600,New Sukkur Township,79.82082525060274,5.625594653050448,,,,16.931147545137403,55.18900551721166,1
4909,2026-03-16 13:27:46.588600,Old Sukkur City,73.27410400817843,1.6560322876592628,,,,17.85518427391329,57.96122196339458,1
5630,2026-03-16 13:27:46.588600,Pano Aqil Town,50.76075776277016,2.046824219347418,,,,16.123968761781523,61.79737111987066,1
6351,2026-03-16 13:27:46.588600,Rohri City,73.28256149442632,4.027856007347536,,,,15.961840562438292,54.42832006981864,1
7072,2026-03-16 13:27:46.588600,Saleh Pat Sukkur,46.74888725349911,1.2725536313559853,,,,11.262401680438783,64.59666917952075,1
7793,2026-03-16 13:27:46.588600,Shikarpur Road Sukkur,41.66818309837348,1.7406001556969748,,,,16.044788198071103,54.34276789627354,1
8514,2026-03-16 13:27:46.588600,Sukkur Barrage Colony,59.52955102362393,3.2967310672077494,,,,13.654846411655885,63.97380958466408,1
9235,2026-03-16 13:27:46.588600,Sukkur Cantt,73.68729046948778,3.576018155492051,,,,15.346849983296957,51.86690568692885,1
9956,2026-03-16 13:27:46.588600,Sukkur City Center,72.34502020094307,3.5356009926066587,,,,13.203867352990978,62.76211126525357,1
10677,2026-03-16 13:27:46.588600,Sukkur Industrial Zone,58.1089114724933,3.929617094927632,,,,17.19735248114395,68.70878261887144,1
584,2026-03-16 14:27:46.588600,Airport Road Sukkur,69.96121758250062,2.486780553363198,,,,18.308941732449284,47.57398330055139,1
1305,2026-03-16 14:27:46.588600,Ghotki District Supply,46.00440781804261,3.387299978430256,,,,19.586902557113866,45.55913665893959,1
2026,2026-03-16 14:27:46.588600,Lab-e-Mehran,50.72985275564926,3.6883990050688613,,,,19.118375510245187,47.16702651544017,1
2747,2026-03-16 14:27:46.588600,Lal Shahbaz Area,62.424991002299514,4.93200477572147,,,,17.009410654102602,53.82539729579963,1
3468,2026-03-16 14:27:46.588600,Minara Road Sukkur,61.86784677698467,4.06375246211294,,,,20.8722351346275,53.798886630296096,1
4189,2026-03-16 14:27:46.588600,New Sukkur Township,74.23466012517267,4.245377162899026,,,,17.429189458931187,56.97442478727398,1
4910,2026-03-16 14:27:46.588600,Old Sukkur City,77.41599726442412,4.073449198698326,,,,18.469856695338656,56.086076373891856,1
5631,2026-03-16 14:27:46.588600,Pano Aqil Town,56.11969392311214,3.943255289985675,,,,17.586624687391716,54.960536253863836,1
6352,2026-03-16 14:27:46.588600,Rohri City,62.748945837988074,2.7448788792164653,,,,18.679719812012156,62.469848560478304,1
7073,2026-03-16 14:27:46.588600,Saleh Pat Sukkur,51.101649185553185,1.9691730200838913,,,,19.15911415275882,56.34006021703614,1
7794,2026-03-16 14:27:46.588600,Shikarpur Road Sukkur,43.09192381075508,2.4441316245092377,,,,19.650030855880416,55.38613614974658,1
8515,2026-03-16 14:27:46.588600,Sukkur Barrage Colony,67.88504557392044,5.3526512165475575,,,,23.68359325266293,56.80749773190374,1
9236,2026-03-16 14:27:46.588600,Sukkur Cantt,82.05677193273439,3.3501159427382237,,,,17.806767339055828,56.375448197818784,1
9957,2026-03-16 14:27:46.588600,Sukkur City Center,82.27742487345965,1.8510937555271025,,,,18.62683791315587,53.70875660197878,1
10678,2026-03-16 14:27:46.588600,Sukkur Industrial Zone,53.69231222813008,3.673639577259143,,,,20.5741929914756,49.33657535057862,1
585,2026-03-16 15:27:46.588600,Airport Road Sukkur,63.236218221092685,2.2467131132151517,,,,25.425177728770784,51.67765340729574,1
1306,2026-03-16 15:27:46.588600,Ghotki District Supply,39.77675778447101,1.4517729422934809,,,,26.18018501433756,44.32206991429147,1
2027,2026-03-16 15:27:46.588600,Lab-e-Mehran,52.06091115500728,1.9243439659688912,,,,22.87433831698938,44.79512399190283,1
2748,2026-03-16 15:27:46.588600,Lal Shahbaz Area,65.54033010864629,1.4140159907078778,,,,19.247856733143593,44.32908527371839,1
3469,2026-03-16 15:27:46.588600,Minara Road Sukkur,66.22195190446888,3.0146085422827027,,,,18.745643771229805,54.9451606001638,1
4190,2026-03-16 15:27:46.588600,New Sukkur Township,79.59683880014444,5.234133155754569,,,,22.817540728365323,56.10282314765059,1
4911,2026-03-16 15:27:46.588600,Old Sukkur City,79.90575405450906,5.196006199325103,,,,20.343800350301905,54.74593220239365,1
5632,2026-03-16 15:27:46.588600,Pano Aqil Town,45.81181685683145,2.045593947511145,,,,23.491596670613184,50.425985868225204,1
6353,2026-03-16 15:27:46.588600,Rohri City,63.11565770742669,3.9677482276412777,,,,20.39227390171321,44.98477732819235,1
7074,2026-03-16 15:27:46.588600,Saleh Pat Sukkur,51.948772710408385,3.1989282472956995,,,,20.007129539844744,38.98989754595941,1
7795,2026-03-16 15:27:46.588600,Shikarpur Road Sukkur,38.263420423277104,0.8225603633062851,,,,17.750242008363262,42.064021484230025,1
8516,2026-03-16 15:27:46.588600,Sukkur Barrage Colony,63.4371532184673,3.32672085180574,,,,21.656438608339997,45.875451070513826,1
9237,2026-03-16 15:27:46.588600,Sukkur Cantt,82.41586584195169,3.586305256372326,,,,21.747861073362436,44.32040867943389,1
9958,2026-03-16 15:27:46.588600,Sukkur City Center,68.0912402543979,5.390427072021093,,,,19.92314780394777,49.22954747466204,1
10679,2026-03-16 15:27:46.588600,Sukkur Industrial Zone,46.60047394924344,2.1167150756909665,,,,23.90814727364651,46.88362884901677,1
586,2026-03-16 16:27:46.588600,Airport Road Sukkur,60.204046360124664,2.3171355249455288,,,,28.431180243237176,37.957319399164845,1
1307,2026-03-16 16:27:46.588600,Ghotki District Supply,45.18801871470126,3.303493338376808,,,,25.955897415131094,41.6902262161347,1
2028,2026-03-16 16:27:46.588600,Lab-e-Mehran,53.606514906184046,3.202913780341419,,,,22.64776945147117,54.252108762679995,1
2749,2026-03-16 16:27:46.588600,Lal Shahbaz Area,61.535276918393954,4.019241121463857,,,,23.34693417900653,38.748182093270636,1
3470,2026-03-16 16:27:46.588600,Minara Road Sukkur,55.85558221019492,3.2789454123790476,,,,23.909796347870873,35.83889366539507,1
4191,2026-03-16 16:27:46.588600,New Sukkur Township,78.05910243186794,2.753787976352907,,,,24.75944534637334,36.375667733443215,1
4912,2026-03-16 16:27:46.588600,Old Sukkur City,76.93710478335701,1.5682206723372771,,,,23.859258892453475,43.60719352728658,1
5633,2026-03-16 16:27:46.588600,Pano Aqil Town,54.22456206281432,2.1426480883970536,,,,23.957827741854025,49.63528270964526,1
6354,2026-03-16 16:27:46.588600,Rohri City,64.96442114386504,3.993487714120629,,,,27.698988165674194,44.47722334531341,1
7075,2026-03-16 16:27:46.588600,Saleh Pat Sukkur,51.45535376106028,3.610338280796225,,,,25.169541226317804,42.41909927643217,1
7796,2026-03-16 16:27:46.588600,Shikarpur Road Sukkur,41.74784755494231,2.496088139774484,,,,21.737249836004136,41.23895047672938,1
8517,2026-03-16 16:27:46.588600,Sukkur Barrage Colony,65.91010688384499,4.573248678973414,,,,21.544311404983624,50.837834748534405,1
9238,2026-03-16 16:27:46.588600,Sukkur Cantt,72.18429542201363,5.732211782467617,,,,25.569689008237535,43.7852406369427,1
9959,2026-03-16 16:27:46.588600,Sukkur City Center,78.1424330595105,4.271015798185608,,,,26.32710662180747,42.106187470265866,1
10680,2026-03-16 16:27:46.588600,Sukkur Industrial Zone,52.14107812332999,3.814449709119218,,,,27.23987821269464,46.25033350042676,1
587,2026-03-16 17:27:46.588600,Airport Road Sukkur,60.04062346666288,2.943296614468332,,,,26.06341607033385,42.83690963300224,1
1308,2026-03-16 17:27:46.588600,Ghotki District Supply,46.32635553252538,2.119733867623832,,,,25.806707662204584,41.16811960309216,1
2029,2026-03-16 17:27:46.588600,Lab-e-Mehran,44.74690507335005,0.9588220420868429,,,,29.13077837141072,40.6155293229729,1
2750,2026-03-16 17:27:46.588600,Lal Shahbaz Area,68.08791920568568,2.310961785959595,,,,27.916210344332935,42.89007019976391,1
3471,2026-03-16 17:27:46.588600,Minara Road Sukkur,58.23639877112657,3.8775073568822043,,,,25.638837341592644,37.6264360418086,1
4192,2026-03-16 17:27:46.588600,New Sukkur Township,80.63256554754363,3.074847942932896,,,,20.582262647127433,40.34004164482946,1
4913,2026-03-16 17:27:46.588600,Old Sukkur City,74.51152321073745,1.664684973677557,,,,25.764019060209336,35.0,1
5634,2026-03-16 17:27:46.588600,Pano Aqil Town,53.52115252237906,1.9626374500141528,,,,26.653145336536593,39.13941247371762,1
6355,2026-03-16 17:27:46.588600,Rohri City,62.50076902957015,2.6376572350047227,,,,31.3256136922938,39.041790045626875,1
7076,2026-03-16 17:27:46.588600,Saleh Pat Sukkur,41.44778692094783,2.4733997228549445,,,,27.669695403351778,35.13247448019132,1
7797,2026-03-16 17:27:46.588600,Shikarpur Road Sukkur,42.54239998929574,3.0469634014691107,,,,23.04020925613654,42.04326949692411,1
8518,2026-03-16 17:27:46.588600,Sukkur Barrage Colony,67.66211903873402,2.759285591156811,,,,25.395815705871527,41.19649245901722,1
9239,2026-03-16 17:27:46.588600,Sukkur Cantt,76.77374103483079,1.8767890149429873,,,,27.360628806514963,48.15242374393519,1
9960,2026-03-16 17:27:46.588600,Sukkur City Center,75.1220822741358,4.0946223928497325,,,,26.391901849282167,35.390318325049556,1
10681,2026-03-16 17:27:46.588600,Sukkur Industrial Zone,47.856534316202655,2.801372959931328,,,,21.70543404494608,35.453928603448475,1
588,2026-03-16 18:27:46.588600,Airport Road Sukkur,62.5085875706496,4.009972584023439,,,,28.137810151525052,35.0,1
1309,2026-03-16 18:27:46.588600,Ghotki District Supply,44.39213412748372,2.145217339783855,,,,27.73643425498367,49.457412644854635,1
2030,2026-03-16 18:27:46.588600,Lab-e-Mehran,53.64713681463685,3.7097112254943867,,,,32.79438959430557,41.12682356741921,1
2751,2026-03-16 18:27:46.588600,Lal Shahbaz Area,65.37378729178003,3.7842614225087137,,,,26.54695446855579,36.00489922816667,1
3472,2026-03-16 18:27:46.588600,Minara Road Sukkur,57.02347317063368,2.655816445206786,,,,27.01031649261149,48.7369111429806,1
4193,2026-03-16 18:27:46.588600,New Sukkur Township,71.16139540778704,5.01117122111874,,,,28.938795996799513,41.02663243157707,1
4914,2026-03-16 18:27:46.588600,Old Sukkur City,74.91696301745924,3.1949573324032152,,,,28.031129509013162,42.142539019859434,1
5635,2026-03-16 18:27:46.588600,Pano Aqil Town,46.35257488220723,1.1153849769919442,,,,27.41313194368561,35.0,1
6356,2026-03-16 18:27:46.588600,Rohri City,62.29289646196308,2.9880205543093705,,,,32.029654200958674,35.0,1
7077,2026-03-16 18:27:46.588600,Saleh Pat Sukkur,50.770997016826314,3.9460958768800345,,,,29.46056244271028,40.88668368084636,1
7798,2026-03-16 18:27:46.588600,Shikarpur Road Sukkur,37.781029305590906,1.5959341533792202,,,,28.000411635765545,51.85272969667548,1
8519,2026-03-16 18:27:46.588600,Sukkur Barrage Colony,60.63525640151393,2.8441099068114832,,,,31.335584858425786,40.81792261789212,1
9240,2026-03-16 18:27:46.588600,Sukkur Cantt,74.90075423979897,4.550947982930358,,,,29.112894402807907,40.21349794951571,1
9961,2026-03-16 18:27:46.588600,Sukkur City Center,67.30903858637988,4.087004010534777,,,,26.678792046811783,41.32742724576413,1
10682,2026-03-16 18:27:46.588600,Sukkur Industrial Zone,53.77568911522377,2.2747494889697197,,,,29.52099691722747,36.114726862008,1
589,2026-03-16 19:27:46.588600,Airport Road Sukkur,78.9037920073879,4.323068850693223,,,,29.552672978178062,44.077744591701666,1
1310,2026-03-16 19:27:46.588600,Ghotki District Supply,51.30173836962107,2.105837261796556,,,,28.00296973827407,38.70399413989101,1
2031,2026-03-16 19:27:46.588600,Lab-e-Mehran,61.252277655853284,4.823432617804091,,,,31.4506945267711,45.84808915323872,1
2752,2026-03-16 19:27:46.588600,Lal Shahbaz Area,76.49124806780681,2.695682709017943,,,,29.27189545429304,42.015680767861554,1
3473,2026-03-16 19:27:46.588600,Minara Road Sukkur,80.28822503429738,5.954718855038438,,,,32.75774328209974,37.4707753472162,1
4194,2026-03-16 19:27:46.588600,New Sukkur Township,95.33442452350253,4.111816690495468,,,,28.124381457760197,37.40161247309982,1
4915,2026-03-16 19:27:46.588600,Old Sukkur City,93.2043768470421,7.403337795194199,,,,29.063539530402792,35.0,1
5636,2026-03-16 19:27:46.588600,Pano Aqil Town,71.11208377290062,4.32400317612234,,,,32.04798958184379,42.07474048700555,1
6357,2026-03-16 19:27:46.588600,Rohri City,76.36250518981126,5.932238761915487,,,,29.72607394249886,46.65118212384168,1
7078,2026-03-16 19:27:46.588600,Saleh Pat Sukkur,63.00116632391127,3.0914294834974445,,,,29.80856754792274,36.67233044460259,1
7799,2026-03-16 19:27:46.588600,Shikarpur Road Sukkur,44.57297858122223,2.651569136144879,,,,31.972558163291787,46.89477478280347,1
8520,2026-03-16 19:27:46.588600,Sukkur Barrage Colony,72.91384899867973,3.4489499460433537,,,,26.790423763248967,39.25671445346436,1
9241,2026-03-16 19:27:46.588600,Sukkur Cantt,88.0952280289519,3.5702548930599804,,,,29.125392238380314,51.04683041447896,1
9962,2026-03-16 19:27:46.588600,Sukkur City Center,94.5407276671156,2.09927895474856,,,,27.807281571853437,42.8707166154816,1
10683,2026-03-16 19:27:46.588600,Sukkur Industrial Zone,57.03801894497703,1.8081145084001704,,,,26.914419739843474,49.30108041120124,1
590,2026-03-16 20:27:46.588600,Airport Road Sukkur,92.23796172084202,4.013076418261061,,,,30.789057565679023,45.15852939907694,1
1311,2026-03-16 20:27:46.588600,Ghotki District Supply,60.653989693837524,3.120973013874144,,,,28.274890582092105,41.17653970477862,1
2032,2026-03-16 20:27:46.588600,Lab-e-Mehran,73.24828117375661,3.1704600037964044,,,,33.11540852910667,42.752635049335915,1
2753,2026-03-16 20:27:46.588600,Lal Shahbaz Area,81.34473698649226,2.8102203303117403,,,,31.30073660920967,47.50840679903517,1
3474,2026-03-16 20:27:46.588600,Minara Road Sukkur,89.29736564110405,2.5836592945536423,,,,29.58802115971938,46.74743089972134,1
4195,2026-03-16 20:27:46.588600,New Sukkur Township,102.2561638476436,7.612131362157921,,,,34.473018558885926,44.92716040921757,1
4916,2026-03-16 20:27:46.588600,Old Sukkur City,104.76873547120168,4.265271662093263,,,,29.784959862927032,44.62219159772877,1
5637,2026-03-16 20:27:46.588600,Pano Aqil Town,69.41460013192622,3.323860392737017,,,,32.33343156927511,39.42137512962316,1
6358,2026-03-16 20:27:46.588600,Rohri City,87.08103731393717,1.7430137424894485,,,,30.076403660032266,53.18661685871846,1
7079,2026-03-16 20:27:46.588600,Saleh Pat Sukkur,68.67511505367067,1.604526509410819,,,,30.65469285734545,35.0,1
7800,2026-03-16 20:27:46.588600,Shikarpur Road Sukkur,60.11524969887823,3.0457990608311363,,,,25.429731530737584,42.20602170209096,1
8521,2026-03-16 20:27:46.588600,Sukkur Barrage Colony,93.42967547184372,7.029903739045058,,,,31.5577105373293,52.788687864352916,1
9242,2026-03-16 20:27:46.588600,Sukkur Cantt,104.09602060785276,7.279303154234181,,,,31.54990662134213,38.89615223563763,1
9963,2026-03-16 20:27:46.588600,Sukkur City Center,102.77308200646222,3.5182849689447915,,,,31.93612782617569,37.91210624382356,1
10684,2026-03-16 20:27:46.588600,Sukkur Industrial Zone,69.33393957567138,1.871926673742461,,,,29.567859477282646,38.24419923865544,1
591,2026-03-16 21:27:46.588600,Airport Road Sukkur,93.20451008147133,5.372026512458785,,,,30.1265271162844,50.01995988374917,1
1312,2026-03-16 21:27:46.588600,Ghotki District Supply,62.99526321235297,4.250370538651731,,,,29.54317968481899,39.035843549445914,1
2033,2026-03-16 21:27:46.588600,Lab-e-Mehran,69.92496580356706,5.527934496062917,,,,32.019098467351284,46.994779137377385,1
2754,2026-03-16 21:27:46.588600,Lal Shahbaz Area,89.32418288378356,6.4260566069033205,,,,27.0868393637727,40.66281354244304,1
3475,2026-03-16 21:27:46.588600,Minara Road Sukkur,94.08168321736746,4.585365340144292,,,,29.843312877537763,45.01741502763757,1
4196,2026-03-16 21:27:46.588600,New Sukkur Township,108.72757960592689,7.678738984042351,,,,27.00367751128107,43.9319809644708,1
4917,2026-03-16 21:27:46.588600,Old Sukkur City,104.64905618000668,8.215939836207854,,,,29.74302319614176,53.72520575018614,1
5638,2026-03-16 21:27:46.588600,Pano Aqil Town,75.78693745208993,5.891368778289542,,,,28.9238413317577,50.45103634475448,1
6359,2026-03-16 21:27:46.588600,Rohri City,95.684888953346,5.9208117606148,,,,31.112998931017295,42.790074679650495,1
7080,2026-03-16 21:27:46.588600,Saleh Pat Sukkur,74.22689406777889,3.3612548805430045,,,,26.885031349390232,49.00785907762484,1
7801,2026-03-16 21:27:46.588600,Shikarpur Road Sukkur,57.477416652094476,2.293564062592863,,,,30.25110152996198,50.1465976069007,1
8522,2026-03-16 21:27:46.588600,Sukkur Barrage Colony,93.07205301464552,4.057796311142066,,,,27.621926560293932,45.11472343528329,1
9243,2026-03-16 21:27:46.588600,Sukkur Cantt,105.14254108990585,5.8690643741515,,,,28.956144309307916,35.924418620331544,1
9964,2026-03-16 21:27:46.588600,Sukkur City Center,105.12193020599253,7.963743629617786,,,,32.68636329801234,41.2063459216298,1
10685,2026-03-16 21:27:46.588600,Sukkur Industrial Zone,66.37073518818211,4.563554866985429,,,,28.091208012471572,44.575148067652954,1
592,2026-03-16 22:27:46.588600,Airport Road Sukkur,58.25244958045508,4.451869104349241,,,,28.02865344325226,43.98067359973156,1
1313,2026-03-16 22:27:46.588600,Ghotki District Supply,41.23746532955464,2.044488651296208,,,,28.028989356864294,50.523951164348155,1
2034,2026-03-16 22:27:46.588600,Lab-e-Mehran,59.49958552171068,4.575756397070884,,,,32.75797792901008,54.50296449200427,1
2755,2026-03-16 22:27:46.588600,Lal Shahbaz Area,65.47174838817251,3.956313335243459,,,,31.544524259560475,48.182393476629294,1
3476,2026-03-16 22:27:46.588600,Minara Road Sukkur,64.36038101632674,3.212242697381596,,,,27.83987092190011,53.699820834154934,1
4197,2026-03-16 22:27:46.588600,New Sukkur Township,76.00903155998606,2.9092793950424696,,,,27.468738976813743,45.978768622612535,1
4918,2026-03-16 22:27:46.588600,Old Sukkur City,72.82289021676345,2.9896490196856003,,,,29.821304096096654,53.13088479282493,1
5639,2026-03-16 22:27:46.588600,Pano Aqil Town,57.74620430520322,3.3832556926909385,,,,32.2925025262764,58.980808501634485,1
6360,2026-03-16 22:27:46.588600,Rohri City,66.46481159378743,1.6790807503693526,,,,28.984837401326597,48.49362835914345,1
7081,2026-03-16 22:27:46.588600,Saleh Pat Sukkur,58.43970530777996,2.5396892442841574,,,,31.270416411114415,57.32601894870496,1
7802,2026-03-16 22:27:46.588600,Shikarpur Road Sukkur,43.16135188832827,1.415309381229774,,,,26.403868548634723,46.99062547451014,1
8523,2026-03-16 22:27:46.588600,Sukkur Barrage Colony,70.53817428164467,5.081613350695797,,,,30.36099126264783,55.31499804889687,1
9244,2026-03-16 22:27:46.588600,Sukkur Cantt,78.86392640757518,4.267239086192959,,,,27.231707786558395,52.071903374583115,1
9965,2026-03-16 22:27:46.588600,Sukkur City Center,73.80440174771219,3.4045107492007913,,,,27.185646087532643,46.24213559659116,1
10686,2026-03-16 22:27:46.588600,Sukkur Industrial Zone,51.16088574436807,3.718175480025864,,,,29.466768056936512,58.00190159672936,1
593,2026-03-16 23:27:46.588600,Airport Road Sukkur,64.85027819492042,2.477863152792579,,,,26.371149298696842,55.1553898047867,1
1314,2026-03-16 23:27:46.588600,Ghotki District Supply,40.98259761514178,2.2158978900670276,,,,25.903814881382278,53.40080184495155,1
2035,2026-03-16 23:27:46.588600,Lab-e-Mehran,56.8468776325123,2.4253934228448037,,,,28.087565543156362,54.81029499237352,1
2756,2026-03-16 23:27:46.588600,Lal Shahbaz Area,65.96716934350088,4.330846810131635,,,,28.929170046773965,56.16441734906841,1
3477,2026-03-16 23:27:46.588600,Minara Road Sukkur,63.45407638046696,4.7865505712932155,,,,26.123569443744483,59.91783444927869,1
4198,2026-03-16 23:27:46.588600,New Sukkur Township,71.94273229754323,3.9613742929385727,,,,26.88994798126883,58.9586980560816,1
4919,2026-03-16 23:27:46.588600,Old Sukkur City,77.49975943905997,5.605605862818156,,,,26.189538034979286,51.7187377577336,1
5640,2026-03-16 23:27:46.588600,Pano Aqil Town,43.22878456677914,1.4434115278799264,,,,26.423144989198743,65.06861921832257,1
6361,2026-03-16 23:27:46.588600,Rohri City,63.74571102223666,3.298523106115957,,,,22.432635005717326,70.3472283277193,1
7082,2026-03-16 23:27:46.588600,Saleh Pat Sukkur,48.50119288284435,1.417006477787993,,,,24.124916250400084,51.5768815906964,1
7803,2026-03-16 23:27:46.588600,Shikarpur Road Sukkur,49.68863031832606,2.0631108490844867,,,,26.672026392493798,53.446184740039904,1
8524,2026-03-16 23:27:46.588600,Sukkur Barrage Colony,62.94911181528552,2.2354835822418484,,,,24.290702488535835,57.96169888620514,1
9245,2026-03-16 23:27:46.588600,Sukkur Cantt,79.36772813872236,4.89683442766716,,,,26.34469029528285,60.036557144664165,1
9966,2026-03-16 23:27:46.588600,Sukkur City Center,77.62620131581104,5.883389700096102,,,,29.12888992725835,59.65778304069865,1
10687,2026-03-16 23:27:46.588600,Sukkur Industrial Zone,53.34071406768468,1.2647391434598736,,,,26.639217451960526,53.27037873349673,1
594,2026-03-17 00:27:46.588600,Airport Road Sukkur,64.78128787931914,4.3149179949559215,,,,23.782206374655082,71.81531043542657,1
1315,2026-03-17 00:27:46.588600,Ghotki District Supply,43.28644660126769,2.479995093542221,,,,22.10844310515657,62.29460201832339,1
2036,2026-03-17 00:27:46.588600,Lab-e-Mehran,58.46453515025853,3.291610771031569,,,,28.527832583454522,66.5450443268017,1
2757,2026-03-17 00:27:46.588600,Lal Shahbaz Area,63.96984111984111,3.486090924336944,,,,25.06219645691797,61.81170328945242,1
3478,2026-03-17 00:27:46.588600,Minara Road Sukkur,57.684879305596674,2.01114261634588,,,,25.04900637591365,74.9054520955761,1
4199,2026-03-17 00:27:46.588600,New Sukkur Township,73.06681660793656,3.591819161025535,,,,22.406823186525294,69.17514440834299,1
4920,2026-03-17 00:27:46.588600,Old Sukkur City,73.02535907275919,4.852366117830459,,,,25.02104982652832,63.744501481502375,1
5641,2026-03-17 00:27:46.588600,Pano Aqil Town,57.36223498586693,2.3781121502660603,,,,23.035281324709114,67.30143521863734,1
6362,2026-03-17 00:27:46.588600,Rohri City,64.18555431168767,4.891534421670729,,,,21.0867659358742,55.77344753143369,1
7083,2026-03-17 00:27:46.588600,Saleh Pat Sukkur,52.61357937934088,1.894019387768763,,,,22.218568825293648,70.42950926755803,1
7804,2026-03-17 00:27:46.588600,Shikarpur Road Sukkur,36.45113424827208,0.9152139260185086,,,,23.94008247673404,71.57592764330504,1
8525,2026-03-17 00:27:46.588600,Sukkur Barrage Colony,65.00881809874694,4.3944849949730305,,,,23.331795791881344,70.45761020995957,1
9246,2026-03-17 00:27:46.588600,Sukkur Cantt,83.80469152498752,4.371145854918952,,,,22.125227958788923,64.51239382267617,1
9967,2026-03-17 00:27:46.588600,Sukkur City Center,79.93850255771082,2.0299748236781676,,,,20.847636048910225,62.70366796686685,1
10688,2026-03-17 00:27:46.588600,Sukkur Industrial Zone,56.91031959053397,1.3362588943957618,,,,23.277680103224764,64.40386258619364,1
595,2026-03-17 01:27:46.588600,Airport Road Sukkur,70.24288941185709,3.5473804574497114,,,,19.99474351594383,61.20756648949996,1
1316,2026-03-17 01:27:46.588600,Ghotki District Supply,38.54515635088102,1.2229883981959198,,,,22.246813431930157,77.029387554881,1
2037,2026-03-17 01:27:46.588600,Lab-e-Mehran,57.91590069517795,3.857791862561508,,,,21.872942586384163,66.67220842374184,1
2758,2026-03-17 01:27:46.588600,Lal Shahbaz Area,64.89816272114334,2.9798132919737332,,,,24.090171488472897,73.56952340610363,1
3479,2026-03-17 01:27:46.588600,Minara Road Sukkur,65.29773323192886,4.1751083646912175,,,,21.71266445576442,73.87559679952976,1
4200,2026-03-17 01:27:46.588600,New Sukkur Township,78.93068258134464,2.3319405702422245,,,,23.40780670510549,66.172072180959,1
4921,2026-03-17 01:27:46.588600,Old Sukkur City,75.87667246063504,1.7759039770168745,,,,21.185036802939965,61.06101663593536,1
5642,2026-03-17 01:27:46.588600,Pano Aqil Town,53.97023640986718,3.1752316704372934,,,,18.00070704089252,78.45630778239048,1
6363,2026-03-17 01:27:46.588600,Rohri City,66.72550591729144,4.212423596890522,,,,24.84888043730052,70.91815346321053,1
7084,2026-03-17 01:27:46.588600,Saleh Pat Sukkur,54.217396330396824,1.6077770400657758,,,,20.882231264733097,73.02255908522673,1
7805,2026-03-17 01:27:46.588600,Shikarpur Road Sukkur,43.67156008390363,3.4455873570411724,,,,24.924690937444094,78.63610550898704,1
8526,2026-03-17 01:27:46.588600,Sukkur Barrage Colony,59.99095982414212,3.0018191457285606,,,,20.310252916822023,73.9263805984164,1
9247,2026-03-17 01:27:46.588600,Sukkur Cantt,75.06117064653942,4.471630813877837,,,,19.611497104035134,68.4407151021843,1
9968,2026-03-17 01:27:46.588600,Sukkur City Center,75.81848380689063,5.780288128897932,,,,21.08174061381018,69.83169205785522,1
10689,2026-03-17 01:27:46.588600,Sukkur Industrial Zone,44.21483858150745,3.0085253222499047,,,,23.367232530367055,72.13562709304185,1
596,2026-03-17 02:27:46.588600,Airport Road Sukkur,66.46843127245685,4.473843669761059,,,,17.718671403810635,75.58210918066135,1
1317,2026-03-17 02:27:46.588600,Ghotki District Supply,33.182055592633475,2.38386679940873,,,,18.2592067626725,72.68862009849242,1
2038,2026-03-17 02:27:46.588600,Lab-e-Mehran,45.58394591141451,2.027957362697581,,,,16.060838181027478,78.51496511646856,1
2759,2026-03-17 02:27:46.588600,Lal Shahbaz Area,69.12501336761416,2.743916851669753,,,,20.955410588763762,77.32238953321634,1
3480,2026-03-17 02:27:46.588600,Minara Road Sukkur,65.5046142167731,3.3902881027707195,,,,19.644744979363068,79.35828060726791,1
4201,2026-03-17 02:27:46.588600,New Sukkur Township,71.46019870151036,3.367959813151045,,,,16.244144455640633,82.6263890934935,1
4922,2026-03-17 02:27:46.588600,Old Sukkur City,71.19877145876757,1.8199627500572497,,,,18.4146633300901,85.0,1
5643,2026-03-17 02:27:46.588600,Pano Aqil Town,47.25565377510586,1.5891370521895898,,,,19.328744386911897,77.52097777919825,1
6364,2026-03-17 02:27:46.588600,Rohri City,62.280034070770334,1.6298970809416937,,,,15.969719816227059,70.67633013870551,1
7085,2026-03-17 02:27:46.588600,Saleh Pat Sukkur,55.50205846870153,3.28988766814752,,,,21.57446509167347,75.82944239833108,1
7806,2026-03-17 02:27:46.588600,Shikarpur Road Sukkur,43.02905931103414,1.1043012676081576,,,,15.123372060021097,74.10862650552403,1
8527,2026-03-17 02:27:46.588600,Sukkur Barrage Colony,66.18955974792068,3.048956242190869,,,,17.19630605099873,78.56747436290922,1
9248,2026-03-17 02:27:46.588600,Sukkur Cantt,72.03060028897842,2.9607589337910585,,,,18.1347774666994,78.77716855359775,1
9969,2026-03-17 02:27:46.588600,Sukkur City Center,70.079632152191,5.4594625699978945,,,,19.291673923553965,73.46137710859762,1
10690,2026-03-17 02:27:46.588600,Sukkur Industrial Zone,53.248882450437435,2.0877125156721807,,,,17.827531023371453,85.0,1
597,2026-03-17 03:27:46.588600,Airport Road Sukkur,62.822486829214,3.9244826922673055,,,,15.393370098467415,85.0,1
1318,2026-03-17 03:27:46.588600,Ghotki District Supply,45.39238052756755,2.636684976636822,,,,15.073869111401468,68.63790954386734,1
2039,2026-03-17 03:27:46.588600,Lab-e-Mehran,53.86665739867228,3.3346802343595976,,,,15.238529612519027,85.0,1
2760,2026-03-17 03:27:46.588600,Lal Shahbaz Area,69.04542614153658,3.2119356227857843,,,,14.05951354995063,79.81430173051695,1
3481,2026-03-17 03:27:46.588600,Minara Road Sukkur,68.72577116386553,2.898236922440743,,,,10.593243848752117,85.0,1
4202,2026-03-17 03:27:46.588600,New Sukkur Township,75.95035497535389,3.420106176696245,,,,15.366264035889193,85.0,1
4923,2026-03-17 03:27:46.588600,Old Sukkur City,74.23203770886496,3.7994547030241335,,,,18.12685710305231,72.72992572651643,1
5644,2026-03-17 03:27:46.588600,Pano Aqil Town,54.53956740272809,1.2686386535654175,,,,15.46358306511861,79.68319473406044,1
6365,2026-03-17 03:27:46.588600,Rohri City,59.46244290349834,4.3988256276686535,,,,15.009548032215589,78.35361141255035,1
7086,2026-03-17 03:27:46.588600,Saleh Pat Sukkur,52.79005619989784,2.815887599943994,,,,18.61400018091541,83.17603445544927,1
7807,2026-03-17 03:27:46.588600,Shikarpur Road Sukkur,44.61903019269074,1.756241120005015,,,,15.459620026273853,80.46245155638108,1
8528,2026-03-17 03:27:46.588600,Sukkur Barrage Colony,63.88623322305567,2.3821742197335687,,,,16.09267508240546,85.0,1
9249,2026-03-17 03:27:46.588600,Sukkur Cantt,75.79898120494369,6.0447428115332835,,,,19.40264014506059,83.22755524045486,1
9970,2026-03-17 03:27:46.588600,Sukkur City Center,76.11327579645008,2.723368832242618,,,,16.347533150329305,85.0,1
10691,2026-03-17 03:27:46.588600,Sukkur Industrial Zone,49.94835294075948,2.7226440372889877,,,,17.33284892041716,79.37919846784649,1
598,2026-03-17 04:27:46.588600,Airport Road Sukkur,61.189628638197945,4.803524604607182,,,,13.728646890367514,85.0,1
1319,2026-03-17 04:27:46.588600,Ghotki District Supply,40.93732950870874,2.8358661654227593,,,,13.670022396749228,85.0,1
2040,2026-03-17 04:27:46.588600,Lab-e-Mehran,49.68108874757555,3.8100525225622466,,,,10.470582691894158,85.0,1
2761,2026-03-17 04:27:46.588600,Lal Shahbaz Area,67.87906043837017,1.8408658209074042,,,,10.84415396150217,77.07237547060852,1
3482,2026-03-17 04:27:46.588600,Minara Road Sukkur,66.02983570447456,1.79766210212117,,,,9.020290330136858,85.0,1
4203,2026-03-17 04:27:46.588600,New Sukkur Township,79.96683875043568,5.809742604756398,,,,13.211624242263717,85.0,1
4924,2026-03-17 04:27:46.588600,Old Sukkur City,65.43079276446802,3.665751821414189,,,,10.828873765900713,85.0,1
5645,2026-03-17 04:27:46.588600,Pano Aqil Town,56.1096778285736,1.9181607013435487,,,,11.739253510199614,79.2543277714864,1
6366,2026-03-17 04:27:46.588600,Rohri City,65.80044679014009,3.3661002691236384,,,,10.266375433495611,85.0,1
7087,2026-03-17 04:27:46.588600,Saleh Pat Sukkur,47.52766127561198,2.9936849648579913,,,,10.592501770668507,81.7652853786146,1
7808,2026-03-17 04:27:46.588600,Shikarpur Road Sukkur,38.58568304785111,2.9458313672463707,,,,8.41171243486356,79.61525466716218,1
8529,2026-03-17 04:27:46.588600,Sukkur Barrage Colony,64.57952697265358,2.7539146849039846,,,,11.950060784951232,85.0,1
9250,2026-03-17 04:27:46.588600,Sukkur Cantt,76.72027111947452,4.058012993483172,,,,8.0,85.0,1
9971,2026-03-17 04:27:46.588600,Sukkur City Center,74.93837558912196,5.728097162652318,,,,12.80638483686818,85.0,1
10692,2026-03-17 04:27:46.588600,Sukkur Industrial Zone,46.71829131061422,0.9603775991075164,,,,10.145589821693589,85.0,1
599,2026-03-17 05:27:46.588600,Airport Road Sukkur,64.83799648650793,4.449382942930721,,,,8.254501263289892,85.0,1
1320,2026-03-17 05:27:46.588600,Ghotki District Supply,45.09821756564292,2.2889601361410308,,,,8.058216209898147,85.0,1
2041,2026-03-17 05:27:46.588600,Lab-e-Mehran,44.893811937213876,2.4210925747845176,,,,10.115087196228984,85.0,1
2762,2026-03-17 05:27:46.588600,Lal Shahbaz Area,64.67554410255626,3.1010135258036664,,,,9.447897155328313,85.0,1
3483,2026-03-17 05:27:46.588600,Minara Road Sukkur,65.15592613947078,4.412987435184237,,,,8.964627568276413,85.0,1
4204,2026-03-17 05:27:46.588600,New Sukkur Township,74.37737666491422,1.5006351010277321,,,,8.641480403957102,85.0,1
4925,2026-03-17 05:27:46.588600,Old Sukkur City,64.80439909245463,5.094401375557679,,,,8.0,85.0,1
5646,2026-03-17 05:27:46.588600,Pano Aqil Town,54.68450375255122,3.9288475951304007,,,,8.0,85.0,1
6367,2026-03-17 05:27:46.588600,Rohri City,70.81277231496152,2.3788760977890266,,,,10.08067713398587,85.0,1
7088,2026-03-17 05:27:46.588600,Saleh Pat Sukkur,51.985868769219564,1.9956066084508457,,,,8.0,85.0,1
7809,2026-03-17 05:27:46.588600,Shikarpur Road Sukkur,43.31112207421625,2.697382470653314,,,,8.64555690398946,85.0,1
8530,2026-03-17 05:27:46.588600,Sukkur Barrage Colony,65.97423802655518,3.2150990645479762,,,,8.525339476064177,85.0,1
9251,2026-03-17 05:27:46.588600,Sukkur Cantt,76.77593391660139,5.095746838933718,,,,9.977330054684508,81.24716516493594,1
9972,2026-03-17 05:27:46.588600,Sukkur City Center,77.93639894503764,6.22613374561928,,,,9.423886665946043,85.0,1
10693,2026-03-17 05:27:46.588600,Sukkur Industrial Zone,50.25786754073833,2.6899327896557716,,,,9.980602287681428,84.47450524931331,1
600,2026-03-17 06:27:46.588600,Airport Road Sukkur,65.53164721333901,3.6581152353935042,,,,8.0,85.0,1
1321,2026-03-17 06:27:46.588600,Ghotki District Supply,47.7346591026913,1.29675412514084,,,,8.16700162904707,85.0,1
2042,2026-03-17 06:27:46.588600,Lab-e-Mehran,50.732916109846656,3.5660205893474854,,,,9.23647683577543,84.22741895044005,1
2763,2026-03-17 06:27:46.588600,Lal Shahbaz Area,69.2806975086621,1.4366531765775812,,,,8.0,85.0,1
3484,2026-03-17 06:27:46.588600,Minara Road Sukkur,63.65025625045514,1.437645056046467,,,,8.632183621605622,85.0,1
4205,2026-03-17 06:27:46.588600,New Sukkur Township,72.06213100652927,2.7997319819413398,,,,9.909332257809295,85.0,1
4926,2026-03-17 06:27:46.588600,Old Sukkur City,75.40840346150851,4.105475273595867,,,,8.0,85.0,1
5647,2026-03-17 06:27:46.588600,Pano Aqil Town,57.34669822035073,4.523656726530139,,,,11.35689138979528,85.0,1
6368,2026-03-17 06:27:46.588600,Rohri City,68.99971607129103,4.418312174012247,,,,8.0,85.0,1
7089,2026-03-17 06:27:46.588600,Saleh Pat Sukkur,45.521671310175726,2.504684432812644,,,,8.0,85.0,1
7810,2026-03-17 06:27:46.588600,Shikarpur Road Sukkur,41.23656867095117,0.9108051245187425,,,,8.0,85.0,1
8531,2026-03-17 06:27:46.588600,Sukkur Barrage Colony,62.053152949615196,4.419690202669198,,,,8.692565677212864,85.0,1
9252,2026-03-17 06:27:46.588600,Sukkur Cantt,75.07448474404549,2.525235531339627,,,,8.0,85.0,1
9973,2026-03-17 06:27:46.588600,Sukkur City Center,70.56349383932586,4.398361488957974,,,,8.0,85.0,1
10694,2026-03-17 06:27:46.588600,Sukkur Industrial Zone,54.56840320559336,3.084075245451569,,,,10.277344122854183,85.0,1
601,2026-03-17 07:27:46.588600,Airport Road Sukkur,61.15566319117785,4.466149943186985,,,,8.0,82.3005868885855,1
1322,2026-03-17 07:27:46.588600,Ghotki District Supply,40.43366817512588,1.9719012672153469,,,,8.0,85.0,1
2043,2026-03-17 07:27:46.588600,Lab-e-Mehran,52.44799814597457,3.4750730700246106,,,,8.0,78.308974290474,1
2764,2026-03-17 07:27:46.588600,Lal Shahbaz Area,67.08993107984736,1.8065485300187774,,,,8.0,85.0,1
3485,2026-03-17 07:27:46.588600,Minara Road Sukkur,68.77871921347409,4.070662283109217,,,,8.0,75.68389779918321,1
4206,2026-03-17 07:27:46.588600,New Sukkur Township,74.90504122520258,4.6756092725715765,,,,9.345218119171092,85.0,1
4927,2026-03-17 07:27:46.588600,Old Sukkur City,75.49718451692446,2.7240304045387385,,,,8.0,85.0,1
5648,2026-03-17 07:27:46.588600,Pano Aqil Town,47.997160801480824,1.6056223194202557,,,,8.0,76.82487508049631,1
6369,2026-03-17 07:27:46.588600,Rohri City,60.38492817133437,3.5516357671158976,,,,8.0,85.0,1
7090,2026-03-17 07:27:46.588600,Saleh Pat Sukkur,56.05817495715998,2.791198429355888,,,,8.0,85.0,1
7811,2026-03-17 07:27:46.588600,Shikarpur Road Sukkur,39.34342416860002,1.2596882404723062,,,,8.0,85.0,1
8532,2026-03-17 07:27:46.588600,Sukkur Barrage Colony,62.32469189064925,4.703650340239504,,,,8.0,85.0,1
9253,2026-03-17 07:27:46.588600,Sukkur Cantt,76.87754452763696,3.088146970290966,,,,8.0,85.0,1
9974,2026-03-17 07:27:46.588600,Sukkur City Center,78.8742982218007,2.8688769782430277,,,,8.0,85.0,1
10695,2026-03-17 07:27:46.588600,Sukkur Industrial Zone,53.18761238321902,2.732701831836233,,,,8.0,85.0,1
602,2026-03-17 08:27:46.588600,Airport Road Sukkur,69.34651490753902,2.3500936432784707,,,,8.0,85.0,1
1323,2026-03-17 08:27:46.588600,Ghotki District Supply,40.355507679246905,2.6136435637243647,,,,8.0,85.0,1
2044,2026-03-17 08:27:46.588600,Lab-e-Mehran,49.13942409947795,2.9757500674770245,,,,8.0,80.96180955611334,1
2765,2026-03-17 08:27:46.588600,Lal Shahbaz Area,68.28550363369247,2.215699096881487,,,,8.315539374800755,85.0,1
3486,2026-03-17 08:27:46.588600,Minara Road Sukkur,67.551986512764,5.142239633251454,,,,8.0,78.7592864922885,1
4207,2026-03-17 08:27:46.588600,New Sukkur Township,77.160434603343,6.172555229378831,,,,8.0,81.80068865189207,1
4928,2026-03-17 08:27:46.588600,Old Sukkur City,76.70231435577622,2.3583846455847706,,,,9.527816787771604,85.0,1
5649,2026-03-17 08:27:46.588600,Pano Aqil Town,55.899680774159854,3.6901446931181288,,,,8.0,85.0,1
6370,2026-03-17 08:27:46.588600,Rohri City,66.65397732084263,4.607516590137024,,,,8.0,80.55001322491475,1
7091,2026-03-17 08:27:46.588600,Saleh Pat Sukkur,39.406576261903474,1.9617121666388555,,,,8.089836783696175,79.98381366121276,1
7812,2026-03-17 08:27:46.588600,Shikarpur Road Sukkur,44.148038468142914,2.718885333283813,,,,9.316406415019902,85.0,1
8533,2026-03-17 08:27:46.588600,Sukkur Barrage Colony,67.62194475427641,3.867067034721959,,,,8.0,83.21468552593393,1
9254,2026-03-17 08:27:46.588600,Sukkur Cantt,83.34290832213492,5.405870731226004,,,,8.0,85.0,1
9975,2026-03-17 08:27:46.588600,Sukkur City Center,82.0001531139071,3.0023708497376456,,,,8.0,82.76871777541433,1
10696,2026-03-17 08:27:46.588600,Sukkur Industrial Zone,45.30579494074829,2.4682371892278456,,,,8.0,78.82460414023981,1
603,2026-03-17 09:27:46.588600,Airport Road Sukkur,61.31851380073641,1.4700700523119488,,,,8.167823840871678,80.47735811687387,1
1324,2026-03-17 09:27:46.588600,Ghotki District Supply,39.04659831008799,1.8888351675911441,,,,8.0,83.42235611836152,1
2045,2026-03-17 09:27:46.588600,Lab-e-Mehran,48.83528964584509,2.420231796181017,,,,10.644365967106184,75.76186233052344,1
2766,2026-03-17 09:27:46.588600,Lal Shahbaz Area,66.11795466033692,4.341730481838464,,,,8.0,80.63389822869519,1
3487,2026-03-17 09:27:46.588600,Minara Road Sukkur,63.403515443484366,4.209446782922234,,,,8.0,85.0,1
4208,2026-03-17 09:27:46.588600,New Sukkur Township,75.63091706020145,1.8248440598280649,,,,8.616729093956327,85.0,1
4929,2026-03-17 09:27:46.588600,Old Sukkur City,73.2352604509868,2.9243180583501465,,,,8.416127295594123,83.92864133181187,1
5650,2026-03-17 09:27:46.588600,Pano Aqil Town,52.86531958233534,2.090915613338118,,,,10.612011252917686,85.0,1
6371,2026-03-17 09:27:46.588600,Rohri City,65.94940235424988,1.3509144133341606,,,,8.0,79.78209667095628,1
7092,2026-03-17 09:27:46.588600,Saleh Pat Sukkur,50.96323145339478,2.8386017329249245,,,,8.0,81.67929053135936,1
7813,2026-03-17 09:27:46.588600,Shikarpur Road Sukkur,34.885727775781184,1.1136738241161428,,,,8.0,75.01232785579212,1
8534,2026-03-17 09:27:46.588600,Sukkur Barrage Colony,56.76095823544857,4.536155062117043,,,,8.0,74.09869028101802,1
9255,2026-03-17 09:27:46.588600,Sukkur Cantt,70.7583141354987,2.3840691508325604,,,,8.0,85.0,1
9976,2026-03-17 09:27:46.588600,Sukkur City Center,70.26565702180194,1.6268790681942134,,,,8.0,85.0,1
10697,2026-03-17 09:27:46.588600,Sukkur Industrial Zone,50.78407936955891,3.291918897648277,,,,8.0,85.0,1
604,2026-03-17 10:27:46.588600,Airport Road Sukkur,79.35048067734107,5.368332984529097,,,,8.0,78.61657419560484,1
1325,2026-03-17 10:27:46.588600,Ghotki District Supply,47.181911505484976,2.726949170311676,,,,8.350228897985849,78.35273735718123,1
2046,2026-03-17 10:27:46.588600,Lab-e-Mehran,61.28211012192572,3.898450100449308,,,,8.0,83.36405922726594,1
2767,2026-03-17 10:27:46.588600,Lal Shahbaz Area,76.79239010670068,2.15141506926497,,,,8.0,69.75283918933546,1
3488,2026-03-17 10:27:46.588600,Minara Road Sukkur,77.49985177912295,1.553636760858792,,,,8.0,85.0,1
4209,2026-03-17 10:27:46.588600,New Sukkur Township,85.51877938748254,1.969219207372005,,,,8.0,75.25616744150322,1
4930,2026-03-17 10:27:46.588600,Old Sukkur City,92.91808399448153,3.4548691123510227,,,,8.0,76.17777273110164,1
5651,2026-03-17 10:27:46.588600,Pano Aqil Town,57.06488279672029,1.512787065859941,,,,9.790446680130906,74.23999117089058,1
6372,2026-03-17 10:27:46.588600,Rohri City,78.60790421265446,6.040174480099898,,,,8.0,68.05390423378977,1
7093,2026-03-17 10:27:46.588600,Saleh Pat Sukkur,67.20759725118917,2.3077150530664206,,,,8.0,72.13141892840224,1
7814,2026-03-17 10:27:46.588600,Shikarpur Road Sukkur,51.63991953103124,2.3776774339975573,,,,8.039393342321064,80.0201451443297,1
8535,2026-03-17 10:27:46.588600,Sukkur Barrage Colony,73.63713468019776,5.21705984815063,,,,8.0,79.84851409993183,1
9256,2026-03-17 10:27:46.588600,Sukkur Cantt,87.10604349598194,6.630361379664899,,,,8.0,76.07645985008445,1
9977,2026-03-17 10:27:46.588600,Sukkur City Center,89.13916214839246,2.7790480948658307,,,,8.0,83.96431079290787,1
10698,2026-03-17 10:27:46.588600,Sukkur Industrial Zone,68.79045986924032,2.480913346422137,,,,10.310357746407092,80.7201024164193,1
605,2026-03-17 11:27:46.588600,Airport Road Sukkur,89.94518736798786,1.8749310336924458,,,,8.0,67.66550057817446,1
1326,2026-03-17 11:27:46.588600,Ghotki District Supply,57.102851758007006,1.3321084353604953,,,,9.40941835677875,73.21954202069526,1
2047,2026-03-17 11:27:46.588600,Lab-e-Mehran,57.779795805686845,4.182994108327343,,,,8.0,67.52359873284952,1
2768,2026-03-17 11:27:46.588600,Lal Shahbaz Area,90.95362145782507,3.0266849264231914,,,,9.613452702342444,71.74433023922587,1
3489,2026-03-17 11:27:46.588600,Minara Road Sukkur,84.88678226516491,4.073429567390818,,,,9.170920049453207,73.43022513339372,1
4210,2026-03-17 11:27:46.588600,New Sukkur Township,88.77162117400268,6.379152074411439,,,,10.730961466850847,62.46517635740274,1
4931,2026-03-17 11:27:46.588600,Old Sukkur City,93.35878868596915,5.136528264112533,,,,10.197990085560566,70.49423641518041,1
5652,2026-03-17 11:27:46.588600,Pano Aqil Town,73.99721061722425,2.2038241942155157,,,,8.0,83.99354548098594,1
6373,2026-03-17 11:27:46.588600,Rohri City,91.6303473186169,6.805555308609661,,,,13.111205113741423,70.7919915573397,1
7094,2026-03-17 11:27:46.588600,Saleh Pat Sukkur,73.52140566306494,4.138536137069707,,,,10.961645456112242,75.62787965839738,1
7815,2026-03-17 11:27:46.588600,Shikarpur Road Sukkur,60.43334063592938,2.5495368093038016,,,,14.168426308217303,68.33640336340694,1
8536,2026-03-17 11:27:46.588600,Sukkur Barrage Colony,91.48422041299986,6.958753285278325,,,,8.0,76.6395539355581,1
9257,2026-03-17 11:27:46.588600,Sukkur Cantt,104.08466183767845,7.487968072624727,,,,8.780152916044731,73.09626238766594,1
9978,2026-03-17 11:27:46.588600,Sukkur City Center,100.53587038697616,4.640329546722649,,,,11.125368034149437,66.19705118020175,1
10699,2026-03-17 11:27:46.588600,Sukkur Industrial Zone,68.3252880238444,4.220594497529106,,,,10.29738002783184,71.70192252147251,1
606,2026-03-17 12:27:46.588600,Airport Road Sukkur,90.38427360407357,2.7251376133870693,,,,14.700292156456536,59.114278436373716,1
1327,2026-03-17 12:27:46.588600,Ghotki District Supply,64.16989288601403,1.9928955998548303,,,,13.063923633673756,64.18639820807901,1
2048,2026-03-17 12:27:46.588600,Lab-e-Mehran,70.36071312614636,5.246453348518642,,,,8.429340451081112,61.644362661518834,1
2769,2026-03-17 12:27:46.588600,Lal Shahbaz Area,93.17092222806986,4.720567014127668,,,,14.421288978240666,63.50524108007264,1
3490,2026-03-17 12:27:46.588600,Minara Road Sukkur,86.12700545400946,2.2771168552284493,,,,8.0,67.0790102733054,1
4211,2026-03-17 12:27:46.588600,New Sukkur Township,100.46728891944181,4.528615502599648,,,,15.144374511212355,57.58179431119954,1
4932,2026-03-17 12:27:46.588600,Old Sukkur City,108.25358615843582,3.3717035053031705,,,,11.614055588881397,62.28921475484955,1
5653,2026-03-17 12:27:46.588600,Pano Aqil Town,62.028048139668414,1.9794954411375332,,,,9.941249144116577,57.478877430689536,1
6374,2026-03-17 12:27:46.588600,Rohri City,92.21746756608395,4.2561691321675905,,,,10.230610654573074,72.2580140479164,1
7095,2026-03-17 12:27:46.588600,Saleh Pat Sukkur,74.23461215366542,5.842393990217559,,,,12.916387868371677,57.28971886766125,1
7816,2026-03-17 12:27:46.588600,Shikarpur Road Sukkur,60.19894890390031,4.304835554309507,,,,13.651752148114399,71.28390296661405,1
8537,2026-03-17 12:27:46.588600,Sukkur Barrage Colony,92.20881892066062,7.2194800032743585,,,,12.685280361517139,65.05941554371964,1
9258,2026-03-17 12:27:46.588600,Sukkur Cantt,102.96340137842714,3.654851363241889,,,,11.297734958703126,68.6598031013951,1
9979,2026-03-17 12:27:46.588600,Sukkur City Center,102.35719440829953,7.1469875726134235,,,,11.105598699894028,63.41041332367905,1
10700,2026-03-17 12:27:46.588600,Sukkur Industrial Zone,73.41375274747588,4.399747040635098,,,,19.401064875082543,61.40490090057759,1
607,2026-03-17 13:27:46.588600,Airport Road Sukkur,64.10325907962205,2.6848765337510825,,,,15.654877332006452,66.61176589657384,1
1328,2026-03-17 13:27:46.588600,Ghotki District Supply,37.69027216296838,1.8825558257469335,,,,10.207564668073768,58.943564265693574,1
2049,2026-03-17 13:27:46.588600,Lab-e-Mehran,51.404989654476886,2.0843387009529395,,,,17.495119220472752,61.699604072146805,1
2770,2026-03-17 13:27:46.588600,Lal Shahbaz Area,68.2337318006513,1.9279044709657864,,,,16.283946936792216,56.422457031635055,1
3491,2026-03-17 13:27:46.588600,Minara Road Sukkur,67.79385543635688,1.6354625545505057,,,,14.675936404099724,42.40748532625719,1
4212,2026-03-17 13:27:46.588600,New Sukkur Township,79.1478077087024,2.3224790321186197,,,,14.77516800425136,49.13628963809672,1
4933,2026-03-17 13:27:46.588600,Old Sukkur City,72.78929390540512,5.270369531156947,,,,16.015353057289694,58.260568055885614,1
5654,2026-03-17 13:27:46.588600,Pano Aqil Town,53.32337903698906,3.3087967391217212,,,,14.792002307150007,63.445103047821966,1
6375,2026-03-17 13:27:46.588600,Rohri City,63.977123360391204,3.4572491601665316,,,,13.730373910134261,59.943710520310866,1
7096,2026-03-17 13:27:46.588600,Saleh Pat Sukkur,43.85332080744261,1.8169151710642135,,,,15.249094249033371,59.38473780502256,1
7817,2026-03-17 13:27:46.588600,Shikarpur Road Sukkur,44.23029639863593,1.0938720920119915,,,,14.038217921880864,50.014903585102275,1
8538,2026-03-17 13:27:46.588600,Sukkur Barrage Colony,59.546530140822895,2.348017548103532,,,,17.49804021767727,56.14501941748733,1
9259,2026-03-17 13:27:46.588600,Sukkur Cantt,78.2092996688172,4.851093930797049,,,,15.200193665102228,55.33820862892559,1
9980,2026-03-17 13:27:46.588600,Sukkur City Center,73.05842393075656,4.956301043845701,,,,12.683236565587906,62.00075485000277,1
10701,2026-03-17 13:27:46.588600,Sukkur Industrial Zone,51.65391953767922,3.1848478639321094,,,,17.524722510669307,58.246366864602365,1
608,2026-03-17 14:27:46.588600,Airport Road Sukkur,57.78371269210141,2.5790935321820254,,,,14.992712492403136,43.52573833686292,1
1329,2026-03-17 14:27:46.588600,Ghotki District Supply,37.90367434505803,1.1510522110651378,,,,14.779262508753522,56.046119093411114,1
2050,2026-03-17 14:27:46.588600,Lab-e-Mehran,50.565508743000656,1.3728238231145644,,,,20.62228134500084,60.065230781443645,1
2771,2026-03-17 14:27:46.588600,Lal Shahbaz Area,64.6942830192104,2.1929209123949494,,,,18.202714611763465,52.763901487867585,1
3492,2026-03-17 14:27:46.588600,Minara Road Sukkur,69.4247331034027,4.284930799948812,,,,16.391667754436433,47.427660413644894,1
4213,2026-03-17 14:27:46.588600,New Sukkur Township,65.6260057976177,2.292460320143724,,,,18.691825740375215,46.229814890695835,1
4934,2026-03-17 14:27:46.588600,Old Sukkur City,75.19282857329898,2.905775323587563,,,,20.963071508857677,49.59004100647347,1
5655,2026-03-17 14:27:46.588600,Pano Aqil Town,46.17520508406625,2.359240282457175,,,,12.757025358278161,51.69346963550123,1
6376,2026-03-17 14:27:46.588600,Rohri City,68.66819054348477,3.7658205972403205,,,,15.474228147607578,46.934586591399,1
7097,2026-03-17 14:27:46.588600,Saleh Pat Sukkur,54.6010560342344,4.30737438443053,,,,13.194296725142237,57.9123207851805,1
7818,2026-03-17 14:27:46.588600,Shikarpur Road Sukkur,41.77907287298191,2.625037775701742,,,,18.958431913245857,53.190314001478754,1
8539,2026-03-17 14:27:46.588600,Sukkur Barrage Colony,61.130986579677,2.757803773059028,,,,20.57669199105035,52.43453939129189,1
9260,2026-03-17 14:27:46.588600,Sukkur Cantt,74.38006137542313,5.469375466586996,,,,17.328684168305273,51.87208576213265,1
9981,2026-03-17 14:27:46.588600,Sukkur City Center,75.01215856267518,2.82952641994003,,,,20.204001320699806,51.20094748029365,1
10702,2026-03-17 14:27:46.588600,Sukkur Industrial Zone,50.12417870571495,1.974584281770998,,,,17.57614970896818,47.647234576975464,1
609,2026-03-17 15:27:46.588600,Airport Road Sukkur,69.67971030689472,3.713687473994145,,,,20.68174741271915,45.64903821343172,1
1330,2026-03-17 15:27:46.588600,Ghotki District Supply,45.77971884670993,1.997240592366596,,,,17.66119452042868,51.66995454007673,1
2051,2026-03-17 15:27:46.588600,Lab-e-Mehran,51.68397549927259,2.382153365220653,,,,21.13792727178802,50.10989185912642,1
2772,2026-03-17 15:27:46.588600,Lal Shahbaz Area,64.5034229607685,3.3320263170634,,,,19.072948338829573,36.76998843238676,1
3493,2026-03-17 15:27:46.588600,Minara Road Sukkur,61.58787169604119,4.234120141446037,,,,19.57013208141052,54.64129678818617,1
4214,2026-03-17 15:27:46.588600,New Sukkur Township,75.29995912793223,5.694701576966479,,,,19.194301790248257,47.32659160729316,1
4935,2026-03-17 15:27:46.588600,Old Sukkur City,73.6421269074327,2.0602829656083914,,,,23.678457011308506,39.395188494532924,1
5656,2026-03-17 15:27:46.588600,Pano Aqil Town,54.118579745579474,3.6902310564397776,,,,22.09417535110228,53.53661339495795,1
6377,2026-03-17 15:27:46.588600,Rohri City,60.89770826521713,1.5248232875845649,,,,18.318538248617447,45.68820974457372,1
7098,2026-03-17 15:27:46.588600,Saleh Pat Sukkur,46.536275168320174,1.375054014077596,,,,19.16959721586098,52.5114883073797,1
7819,2026-03-17 15:27:46.588600,Shikarpur Road Sukkur,39.24066165991176,2.5706693854841904,,,,19.289611519538465,44.96890279324963,1
8540,2026-03-17 15:27:46.588600,Sukkur Barrage Colony,69.40569733091677,3.988571226003656,,,,24.373582738175934,46.75615789641467,1
9261,2026-03-17 15:27:46.588600,Sukkur Cantt,78.92340895100824,3.700381847660435,,,,20.65750843436312,46.02353180269381,1
9982,2026-03-17 15:27:46.588600,Sukkur City Center,74.69877741616243,2.57649857865659,,,,22.648183645832475,48.036890720144115,1
10703,2026-03-17 15:27:46.588600,Sukkur Industrial Zone,61.16476388125509,1.38437596902156,,,,18.924807110498044,52.2196334204675,1
610,2026-03-17 16:27:46.588600,Airport Road Sukkur,68.3918424400138,3.6338135415856545,,,,22.852429772763486,48.609867122560225,1
1331,2026-03-17 16:27:46.588600,Ghotki District Supply,42.40647681367872,2.826127054093474,,,,22.538212120730364,50.04294327897556,1
2052,2026-03-17 16:27:46.588600,Lab-e-Mehran,46.84162886582735,3.2271348667223405,,,,23.732204858580523,42.18291635549572,1
2773,2026-03-17 16:27:46.588600,Lal Shahbaz Area,68.32896244071804,5.422676638369477,,,,28.230770469839147,41.61787891249389,1
3494,2026-03-17 16:27:46.588600,Minara Road Sukkur,69.8052272020757,4.4074604759496685,,,,24.35727131286296,43.46026770261211,1
4215,2026-03-17 16:27:46.588600,New Sukkur Township,74.47461201101831,5.432721738781394,,,,26.594505536625256,43.10639889027333,1
4936,2026-03-17 16:27:46.588600,Old Sukkur City,75.54146740972406,2.0466625197764583,,,,26.811611890465876,46.077279300715226,1
5657,2026-03-17 16:27:46.588600,Pano Aqil Town,51.05870465860096,3.5402242056700706,,,,26.17921795682806,35.439134731697386,1
6378,2026-03-17 16:27:46.588600,Rohri City,66.86452234871115,4.603485128273385,,,,24.62983140221175,50.03550447750498,1
7099,2026-03-17 16:27:46.588600,Saleh Pat Sukkur,48.29863893710386,2.4633381075337586,,,,26.92181794233305,41.981688947224654,1
7820,2026-03-17 16:27:46.588600,Shikarpur Road Sukkur,42.675905571258504,2.834980828566653,,,,24.896291703669757,35.0,1
8541,2026-03-17 16:27:46.588600,Sukkur Barrage Colony,65.50778341183326,4.346201004023663,,,,25.21113298931998,43.162009105680625,1
9262,2026-03-17 16:27:46.588600,Sukkur Cantt,73.79890467573055,5.515750851053085,,,,23.704659636039796,44.72173573467949,1
9983,2026-03-17 16:27:46.588600,Sukkur City Center,76.92691585678844,3.035465453390236,,,,25.785183625114648,42.357230881693624,1
10704,2026-03-17 16:27:46.588600,Sukkur Industrial Zone,49.4205129512436,2.316702638807189,,,,21.939319048868924,48.251445266054695,1
611,2026-03-17 17:27:46.588600,Airport Road Sukkur,66.32638457770182,3.553350873842246,,,,25.36504984824879,42.34217652064208,1
1332,2026-03-17 17:27:46.588600,Ghotki District Supply,31.965791694801887,2.2290067531994646,,,,26.943110747982754,42.45793021474532,1
2053,2026-03-17 17:27:46.588600,Lab-e-Mehran,46.21620292895962,1.6301231809120798,,,,25.946397877601523,39.36426114101793,1
2774,2026-03-17 17:27:46.588600,Lal Shahbaz Area,66.42347058858915,2.3076872321692252,,,,24.613474088302702,39.80193377957384,1
3495,2026-03-17 17:27:46.588600,Minara Road Sukkur,71.16821225488067,3.4646832221312875,,,,24.991945420799745,35.44031876972457,1
4216,2026-03-17 17:27:46.588600,New Sukkur Township,77.19734021290638,4.444614963857164,,,,25.194064628723222,46.12728087933895,1
4937,2026-03-17 17:27:46.588600,Old Sukkur City,70.67007978851761,3.904848479419439,,,,22.965152486032927,35.0,1
5658,2026-03-17 17:27:46.588600,Pano Aqil Town,53.646292732012256,1.35626380534938,,,,25.68892799026158,35.0,1
6379,2026-03-17 17:27:46.588600,Rohri City,67.83717241234282,1.5010774320847031,,,,25.825425917665342,44.39978216499934,1
7100,2026-03-17 17:27:46.588600,Saleh Pat Sukkur,57.79818966098734,2.498449732706969,,,,26.1900031539227,44.73672217625853,1
7821,2026-03-17 17:27:46.588600,Shikarpur Road Sukkur,43.986620274108525,1.1507376373101297,,,,26.400909967504823,42.57976287363394,1
8542,2026-03-17 17:27:46.588600,Sukkur Barrage Colony,62.2350304886457,3.1987409577483885,,,,26.294642484378148,37.174388814750515,1
9263,2026-03-17 17:27:46.588600,Sukkur Cantt,76.9339131892812,1.7177841502327351,,,,27.43779821110853,45.46810974243313,1
9984,2026-03-17 17:27:46.588600,Sukkur City Center,70.99758100721539,4.975903242727213,,,,26.46520922777432,42.05935322056943,1
10705,2026-03-17 17:27:46.588600,Sukkur Industrial Zone,57.035175043407335,2.7270283339018038,,,,29.730449265610286,37.38379536937232,1
612,2026-03-17 18:27:46.588600,Airport Road Sukkur,61.118685591221464,2.7947409046846565,,,,25.767554439237887,35.47997806798542,1
1333,2026-03-17 18:27:46.588600,Ghotki District Supply,39.75719818026962,1.8353258690594816,,,,24.81490882866733,37.184161651484,1
2054,2026-03-17 18:27:46.588600,Lab-e-Mehran,46.34728454014157,2.394902092553182,,,,29.82741915698064,38.8142302984021,1
2775,2026-03-17 18:27:46.588600,Lal Shahbaz Area,61.05517484884558,4.855881114418991,,,,28.327551611175753,35.0,1
3496,2026-03-17 18:27:46.588600,Minara Road Sukkur,62.54860018619958,4.387266182872654,,,,26.840805477620897,35.0,1
4217,2026-03-17 18:27:46.588600,New Sukkur Township,73.96354361963343,3.112457524522904,,,,27.92120112260253,35.0,1
4938,2026-03-17 18:27:46.588600,Old Sukkur City,78.44268062532967,3.2618567830474356,,,,30.72037652119792,39.2590382093587,1
5659,2026-03-17 18:27:46.588600,Pano Aqil Town,47.76776433222909,1.023678254816214,,,,28.364502285745818,35.0,1
6380,2026-03-17 18:27:46.588600,Rohri City,62.754336284169,3.763479784680065,,,,31.09167687949368,39.01122310404568,1
7101,2026-03-17 18:27:46.588600,Saleh Pat Sukkur,46.49303706548236,2.465234972939352,,,,30.510739067051983,46.02010656109676,1
7822,2026-03-17 18:27:46.588600,Shikarpur Road Sukkur,43.70622302435788,1.2602243001272682,,,,28.65322986009327,42.96261783811607,1
8543,2026-03-17 18:27:46.588600,Sukkur Barrage Colony,66.22960155914048,4.077324758755923,,,,29.134627393098466,41.88353689978651,1
9264,2026-03-17 18:27:46.588600,Sukkur Cantt,81.36194333914894,3.961651897469531,,,,30.73856040479371,42.71395427346632,1
9985,2026-03-17 18:27:46.588600,Sukkur City Center,77.95378561019659,2.8324300083092986,,,,29.988500867852352,40.01547817646083,1
10706,2026-03-17 18:27:46.588600,Sukkur Industrial Zone,51.338343803348536,3.836674460483956,,,,29.276876630259505,38.54025960669443,1
613,2026-03-17 19:27:46.588600,Airport Road Sukkur,79.68442935581524,3.508822237366229,,,,28.8765052411562,37.81695146108514,1
1334,2026-03-17 19:27:46.588600,Ghotki District Supply,50.7951921346685,3.5772174298409616,,,,28.965594616448666,39.922473918165174,1
2055,2026-03-17 19:27:46.588600,Lab-e-Mehran,57.13883416042196,3.9406860074592767,,,,30.581014866369454,38.4505704598634,1
2776,2026-03-17 19:27:46.588600,Lal Shahbaz Area,72.0850211941015,3.7180819794612057,,,,29.220924604973447,35.0,1
3497,2026-03-17 19:27:46.588600,Minara Road Sukkur,86.28203700116121,2.296399922966613,,,,32.71555636005264,39.521554917894186,1
4218,2026-03-17 19:27:46.588600,New Sukkur Township,97.87120599645914,3.4660714475801417,,,,28.27587177852942,35.49375815711841,1
4939,2026-03-17 19:27:46.588600,Old Sukkur City,95.98765225490274,2.356264451836174,,,,30.5192687633394,39.6294071076456,1
5660,2026-03-17 19:27:46.588600,Pano Aqil Town,69.18368694547856,4.4127245233263,,,,31.03984704369481,42.57810849326082,1
6381,2026-03-17 19:27:46.588600,Rohri City,70.08277565014022,2.6441306788267394,,,,29.637929536237557,37.42114055320161,1
7102,2026-03-17 19:27:46.588600,Saleh Pat Sukkur,66.29461924168388,4.336883651482672,,,,28.770409930392464,46.00481325798941,1
7823,2026-03-17 19:27:46.588600,Shikarpur Road Sukkur,49.23963451136048,1.664211934991143,,,,29.93722036383629,53.5766895444564,1
8544,2026-03-17 19:27:46.588600,Sukkur Barrage Colony,75.68914708140132,2.121773761811762,,,,32.87278232287041,38.54099862959622,1
9265,2026-03-17 19:27:46.588600,Sukkur Cantt,81.67373054432444,5.3516007880182475,,,,28.821652228518495,35.0,1
9986,2026-03-17 19:27:46.588600,Sukkur City Center,83.83106133375671,5.805124133020416,,,,29.462514926503545,35.0,1
10707,2026-03-17 19:27:46.588600,Sukkur Industrial Zone,58.97227956103495,1.7408811395896353,,,,32.68418081951447,43.73231575372436,1
614,2026-03-17 20:27:46.588600,Airport Road Sukkur,87.17556838043491,2.9088609908332455,,,,28.177427702127396,45.05184626766195,1
1335,2026-03-17 20:27:46.588600,Ghotki District Supply,54.0906322844425,1.1677701670345577,,,,32.09504569695545,40.12002913951215,1
2056,2026-03-17 20:27:46.588600,Lab-e-Mehran,68.24940817314365,1.8741214199751655,,,,28.206071203361553,39.963735582347915,1
2777,2026-03-17 20:27:46.588600,Lal Shahbaz Area,84.40278110624637,5.453902425469911,,,,35.094511988190895,43.896893059033204,1
3498,2026-03-17 20:27:46.588600,Minara Road Sukkur,84.42916507397331,2.117701332772761,,,,34.05444654332277,36.49286162737603,1
4219,2026-03-17 20:27:46.588600,New Sukkur Township,98.23936952375206,6.208587176714458,,,,30.771504700577715,36.28014561122702,1
4940,2026-03-17 20:27:46.588600,Old Sukkur City,107.07456476772354,2.145494094082153,,,,28.808814328100265,39.478196675436735,1
5661,2026-03-17 20:27:46.588600,Pano Aqil Town,69.28401346120658,5.3187202006453385,,,,28.84580144318994,46.19282952323869,1
6382,2026-03-17 20:27:46.588600,Rohri City,86.86736989805999,6.9107649895185475,,,,28.195419023733443,46.09857375445885,1
7103,2026-03-17 20:27:46.588600,Saleh Pat Sukkur,69.1918698615597,4.989239845719284,,,,25.579529091146664,40.498929431696475,1
7824,2026-03-17 20:27:46.588600,Shikarpur Road Sukkur,53.511739017778076,3.5873384333901024,,,,29.142784194999923,46.4760534167639,1
8545,2026-03-17 20:27:46.588600,Sukkur Barrage Colony,84.74286672137252,3.3517634755601895,,,,31.50138864167574,43.909561838804976,1
9266,2026-03-17 20:27:46.588600,Sukkur Cantt,91.35010174982636,7.291635722047251,,,,31.846035837166916,47.98993087438601,1
9987,2026-03-17 20:27:46.588600,Sukkur City Center,101.00377264460418,6.314794346571677,,,,29.62961989731597,54.71022029469119,1
10708,2026-03-17 20:27:46.588600,Sukkur Industrial Zone,63.59716296831654,4.898371986314014,,,,31.57569821038008,35.0,1
615,2026-03-17 21:27:46.588600,Airport Road Sukkur,93.59851162470363,2.3754379271650006,,,,27.39502844828996,51.50230610402488,1
1336,2026-03-17 21:27:46.588600,Ghotki District Supply,63.21481434560784,2.956937031193878,,,,33.88944960516942,45.688153557339334,1
2057,2026-03-17 21:27:46.588600,Lab-e-Mehran,67.5700937409843,1.3914656777350782,,,,29.863067239211208,48.26638359570082,1
2778,2026-03-17 21:27:46.588600,Lal Shahbaz Area,90.81736960386364,4.054195197977945,,,,31.60350878877633,46.17599676055176,1
3499,2026-03-17 21:27:46.588600,Minara Road Sukkur,88.74620253230871,3.991357478498346,,,,32.8889812440019,52.67618838748595,1
4220,2026-03-17 21:27:46.588600,New Sukkur Township,101.81639462242292,5.834966462026481,,,,31.673687172144263,40.96488093513372,1
4941,2026-03-17 21:27:46.588600,Old Sukkur City,100.51219833137908,6.202147816414349,,,,29.303994715538053,47.99947683081923,1
5662,2026-03-17 21:27:46.588600,Pano Aqil Town,71.56118040536863,2.1612669553733874,,,,32.90945621789103,54.6081217318418,1
6383,2026-03-17 21:27:46.588600,Rohri City,95.82480759460562,4.111050804583954,,,,29.47381547395281,43.07026063371166,1
7104,2026-03-17 21:27:46.588600,Saleh Pat Sukkur,77.77530149665039,4.018165110310703,,,,32.11871893671539,43.4967608114072,1
7825,2026-03-17 21:27:46.588600,Shikarpur Road Sukkur,57.37756752718421,2.529126245956408,,,,30.78242113557757,47.996920360356306,1
8546,2026-03-17 21:27:46.588600,Sukkur Barrage Colony,91.06200176538066,3.3408057422071114,,,,34.311962377759045,49.397869098426376,1
9267,2026-03-17 21:27:46.588600,Sukkur Cantt,105.69455199923533,7.330719977819653,,,,32.04784935665498,46.442232082891536,1
9988,2026-03-17 21:27:46.588600,Sukkur City Center,104.92651980211699,7.600270050778117,,,,26.505116958550914,45.70682885949183,1
10709,2026-03-17 21:27:46.588600,Sukkur Industrial Zone,65.18962727305434,3.424222916566196,,,,29.84523991372302,49.36180850408026,1
616,2026-03-17 22:27:46.588600,Airport Road Sukkur,63.72368758172996,1.3031786926672084,,,,28.20757719732071,51.34790678482554,1
1337,2026-03-17 22:27:46.588600,Ghotki District Supply,41.315793200931836,2.6933417043248595,,,,27.027544548576795,51.78462392465266,1
2058,2026-03-17 22:27:46.588600,Lab-e-Mehran,46.944164119973095,2.6336056995103383,,,,29.70559134049934,60.681463101458476,1
2779,2026-03-17 22:27:46.588600,Lal Shahbaz Area,61.739459046601596,1.9558304312607717,,,,27.648682890260382,56.911662752380046,1
3500,2026-03-17 22:27:46.588600,Minara Road Sukkur,63.35108498908532,2.6745843136010365,,,,26.782952768314654,51.2516978496194,1
4221,2026-03-17 22:27:46.588600,New Sukkur Township,73.9409212157357,4.884297223944826,,,,29.167618080414208,53.33322112995528,1
4942,2026-03-17 22:27:46.588600,Old Sukkur City,78.89483908193279,3.371089853959765,,,,29.764778794046663,46.01113635057616,1
5663,2026-03-17 22:27:46.588600,Pano Aqil Town,54.5679340362659,4.1938543449457795,,,,29.375221977169556,45.30731230665395,1
6384,2026-03-17 22:27:46.588600,Rohri City,62.91181443348673,3.3311231725519304,,,,24.706309170553453,54.74859833595201,1
7105,2026-03-17 22:27:46.588600,Saleh Pat Sukkur,52.958571795831475,1.11807491584523,,,,26.60615145662904,50.906666018548165,1
7826,2026-03-17 22:27:46.588600,Shikarpur Road Sukkur,45.10375263362773,1.802784547552188,,,,24.827054611409174,54.44329406321216,1
8547,2026-03-17 22:27:46.588600,Sukkur Barrage Colony,64.58603648912872,2.100722340205514,,,,27.895848503268002,56.924321565437076,1
9268,2026-03-17 22:27:46.588600,Sukkur Cantt,70.86631063555541,1.9983237890581902,,,,28.697404141383252,48.87849388440008,1
9989,2026-03-17 22:27:46.588600,Sukkur City Center,77.8230075770992,5.1290848203063,,,,30.47195654147952,46.870938694380676,1
10710,2026-03-17 22:27:46.588600,Sukkur Industrial Zone,56.01930961340749,3.411293620133243,,,,27.803460335256528,46.99145223972799,1
617,2026-03-17 23:27:46.588600,Airport Road Sukkur,59.818403136388106,3.678369241661526,,,,28.889706713299745,57.48319037782714,1
1338,2026-03-17 23:27:46.588600,Ghotki District Supply,44.23224540525138,3.124169800274627,,,,26.362240782176553,62.83807368626207,1
2059,2026-03-17 23:27:46.588600,Lab-e-Mehran,48.540823529010396,1.5284515129536822,,,,26.42260791241381,68.1047936156496,1
2780,2026-03-17 23:27:46.588600,Lal Shahbaz Area,68.13094017138098,5.056557858672749,,,,26.663720073373156,54.57532551893916,1
3501,2026-03-17 23:27:46.588600,Minara Road Sukkur,59.249772918582956,4.161554030813796,,,,25.901505281409186,51.43855707700551,1
4222,2026-03-17 23:27:46.588600,New Sukkur Township,69.03117636016384,3.7536470148023113,,,,29.917780347162857,60.882102974249094,1
4943,2026-03-17 23:27:46.588600,Old Sukkur City,78.59878963086702,3.789250076510433,,,,27.08149944858472,61.21442071045153,1
5664,2026-03-17 23:27:46.588600,Pano Aqil Town,50.30284525473914,2.968651019422563,,,,27.849242364554566,62.173769384775156,1
6385,2026-03-17 23:27:46.588600,Rohri City,66.25191028098291,4.544392334863272,,,,29.34562842990722,49.451869668361454,1
7106,2026-03-17 23:27:46.588600,Saleh Pat Sukkur,50.219391557369924,2.4809189212010434,,,,26.630232472897376,60.98878732594995,1
7827,2026-03-17 23:27:46.588600,Shikarpur Road Sukkur,40.59832142430801,1.1235793191924734,,,,25.758832933314896,54.2894975647459,1
8548,2026-03-17 23:27:46.588600,Sukkur Barrage Colony,62.04013271705017,4.076081664409218,,,,26.749651065677913,63.418535472505255,1
9269,2026-03-17 23:27:46.588600,Sukkur Cantt,75.012011326771,5.483634040616732,,,,23.708941199117902,67.5167541959385,1
9990,2026-03-17 23:27:46.588600,Sukkur City Center,76.46294904601652,4.649432534963329,,,,26.245160306509714,49.10953354788469,1
10711,2026-03-17 23:27:46.588600,Sukkur Industrial Zone,52.42298204444821,2.272658752943355,,,,25.35979947477855,52.602176292202806,1
618,2026-03-18 00:27:46.588600,Airport Road Sukkur,61.40283188549899,1.6081974611599865,,,,23.186517333864913,61.54128523434616,1
1339,2026-03-18 00:27:46.588600,Ghotki District Supply,43.97954399154594,1.9661298709031279,,,,22.43400417006724,67.8423188248529,1
2060,2026-03-18 00:27:46.588600,Lab-e-Mehran,55.29364821508889,1.5600473471347376,,,,27.02316487324568,66.1803022239649,1
2781,2026-03-18 00:27:46.588600,Lal Shahbaz Area,71.00495008731986,2.6846593921826383,,,,24.744991510770685,66.69378434993496,1
3502,2026-03-18 00:27:46.588600,Minara Road Sukkur,70.37352174506894,1.958066778352188,,,,24.40334430066117,61.53379356303975,1
4223,2026-03-18 00:27:46.588600,New Sukkur Township,74.65080656270828,5.482949871706393,,,,24.024346993933335,60.61324114366796,1
4944,2026-03-18 00:27:46.588600,Old Sukkur City,75.96721454100452,4.802733825892093,,,,25.193428911895765,66.34625537341311,1
5665,2026-03-18 00:27:46.588600,Pano Aqil Town,47.015361908517306,1.227508303139936,,,,24.53399967240809,72.22274728781566,1
6386,2026-03-18 00:27:46.588600,Rohri City,61.85774478355436,3.557972871082142,,,,23.856468748792288,65.8724543406131,1
7107,2026-03-18 00:27:46.588600,Saleh Pat Sukkur,48.05817037266811,1.6851108616080732,,,,24.008566194449454,70.50778779760304,1
7828,2026-03-18 00:27:46.588600,Shikarpur Road Sukkur,39.8120371065342,0.833795087123936,,,,24.095623582164194,60.66558631770686,1
8549,2026-03-18 00:27:46.588600,Sukkur Barrage Colony,58.99025143869265,4.627052829050323,,,,23.127023209854933,64.34412342390688,1
9270,2026-03-18 00:27:46.588600,Sukkur Cantt,71.32867662449452,2.2592579822884336,,,,21.094775046842045,63.18468523686889,1
9991,2026-03-18 00:27:46.588600,Sukkur City Center,73.06852069525726,2.8288848239693603,,,,21.52196883536665,69.98810778635887,1
10712,2026-03-18 00:27:46.588600,Sukkur Industrial Zone,48.98166016422973,2.5237689646430113,,,,20.52723878346627,72.98149305491297,1
619,2026-03-18 01:27:46.588600,Airport Road Sukkur,62.76123632702779,3.9593782406459574,,,,19.161019623275617,74.45309205534177,1
1340,2026-03-18 01:27:46.588600,Ghotki District Supply,43.35422611269496,0.995963409386793,,,,20.28386673733385,74.06419925215883,1
2061,2026-03-18 01:27:46.588600,Lab-e-Mehran,48.51913825640983,3.801656847075925,,,,24.128756869780492,77.62379405503808,1
2782,2026-03-18 01:27:46.588600,Lal Shahbaz Area,58.2860125988894,2.91467935123916,,,,21.61327642794056,75.24924881293391,1
3503,2026-03-18 01:27:46.588600,Minara Road Sukkur,72.71599056726669,5.101493356921358,,,,22.329920542025185,70.88956946800921,1
4224,2026-03-18 01:27:46.588600,New Sukkur Township,78.9451242244163,5.090154804914755,,,,22.178815900572353,77.21117546894325,1
4945,2026-03-18 01:27:46.588600,Old Sukkur City,73.26406170112332,4.635370945735788,,,,23.59288710855933,76.06749444518992,1
5666,2026-03-18 01:27:46.588600,Pano Aqil Town,50.93906043158354,2.2278273382687908,,,,16.76025331715875,67.83537609146194,1
6387,2026-03-18 01:27:46.588600,Rohri City,67.64032928735361,4.035524202047892,,,,23.980998647831253,81.56689380363991,1
7108,2026-03-18 01:27:46.588600,Saleh Pat Sukkur,51.02667976325807,3.5796505978028104,,,,24.07376298205675,70.87351562046818,1
7829,2026-03-18 01:27:46.588600,Shikarpur Road Sukkur,45.43895840521474,1.5586327544220129,,,,23.020338217386282,74.93873818389356,1
8550,2026-03-18 01:27:46.588600,Sukkur Barrage Colony,61.576236281834476,3.5231318756655194,,,,20.003171135232833,73.90477599801298,1
9271,2026-03-18 01:27:46.588600,Sukkur Cantt,69.85064214297446,2.739443799196766,,,,24.541502341957823,74.19013435468266,1
9992,2026-03-18 01:27:46.588600,Sukkur City Center,68.96753738467837,2.5002259619757043,,,,20.11261507886711,68.73318232756064,1
10713,2026-03-18 01:27:46.588600,Sukkur Industrial Zone,54.16942504166288,2.5666352263596064,,,,19.64795731564417,70.97363059518696,1
620,2026-03-18 02:27:46.588600,Airport Road Sukkur,64.81911987683831,3.1482669747387795,,,,14.757574269162944,74.30956949234891,1
1341,2026-03-18 02:27:46.588600,Ghotki District Supply,38.03937120600736,2.8371133671875017,,,,19.5532842936246,84.70652275721406,1
2062,2026-03-18 02:27:46.588600,Lab-e-Mehran,48.312428641257576,2.9877989819644357,,,,16.693727952927453,82.13306075379833,1
2783,2026-03-18 02:27:46.588600,Lal Shahbaz Area,67.1314370740054,3.9182093635226813,,,,15.802921157483642,77.15226912023712,1
3504,2026-03-18 02:27:46.588600,Minara Road Sukkur,60.533610486974304,1.5727070004967825,,,,18.68466656082146,83.09245699230401,1
4225,2026-03-18 02:27:46.588600,New Sukkur Township,73.58675522957198,1.8393258837961042,,,,17.532235897848658,74.04979436819396,1
4946,2026-03-18 02:27:46.588600,Old Sukkur City,80.01721028232102,4.2914722466678885,,,,12.72126521814402,85.0,1
5667,2026-03-18 02:27:46.588600,Pano Aqil Town,55.731771754345104,4.096880220910729,,,,19.33248067955451,73.05754858198483,1
6388,2026-03-18 02:27:46.588600,Rohri City,64.00617266249857,2.905943187836145,,,,15.566644427295344,74.22588978264008,1
7109,2026-03-18 02:27:46.588600,Saleh Pat Sukkur,43.884596246142024,1.7561847997763256,,,,19.12616677763939,85.0,1
7830,2026-03-18 02:27:46.588600,Shikarpur Road Sukkur,40.65863022602298,1.9830551006953976,,,,15.472278641909853,74.39528078725607,1
8551,2026-03-18 02:27:46.588600,Sukkur Barrage Colony,64.69664001699617,5.122276440222837,,,,14.985227006632808,82.09002323201,1
9272,2026-03-18 02:27:46.588600,Sukkur Cantt,69.43528716525061,5.176479931118893,,,,16.549345672759884,79.80159382806094,1
9993,2026-03-18 02:27:46.588600,Sukkur City Center,77.04111290518306,5.852831802851781,,,,20.48139290707608,72.75051254187868,1
10714,2026-03-18 02:27:46.588600,Sukkur Industrial Zone,50.137438404600076,3.4808944152484687,,,,15.604412368203606,72.99698526174838,1
621,2026-03-18 03:27:46.588600,Airport Road Sukkur,66.93742412171413,1.5249828439494002,,,,12.673538915374772,83.63138126190599,1
1342,2026-03-18 03:27:46.588600,Ghotki District Supply,39.641118509937584,0.8805267112798066,,,,14.843861033760904,84.67151409825757,1
2063,2026-03-18 03:27:46.588600,Lab-e-Mehran,51.928843106971044,1.9835309807305948,,,,15.709572553147488,83.45125332626877,1
2784,2026-03-18 03:27:46.588600,Lal Shahbaz Area,59.31435092169579,2.150242230137484,,,,15.117705427680436,79.55057694569469,1
3505,2026-03-18 03:27:46.588600,Minara Road Sukkur,75.551014981342,3.348170479284084,,,,14.927253312113457,77.78084841062086,1
4226,2026-03-18 03:27:46.588600,New Sukkur Township,79.92829794511805,6.236831072843624,,,,14.15824561010178,78.2904309103434,1
4947,2026-03-18 03:27:46.588600,Old Sukkur City,72.51372292253912,2.916469701698507,,,,13.835599359793758,80.42878678704741,1
5668,2026-03-18 03:27:46.588600,Pano Aqil Town,51.43201195389557,1.9794175614605243,,,,16.074863075178893,85.0,1
6389,2026-03-18 03:27:46.588600,Rohri City,67.07803522011879,2.4243723719432486,,,,15.614511673580074,81.43802067960168,1
7110,2026-03-18 03:27:46.588600,Saleh Pat Sukkur,55.7582634845419,1.4900021912976285,,,,15.868721927516882,77.37567673632104,1
7831,2026-03-18 03:27:46.588600,Shikarpur Road Sukkur,34.49682358997815,1.0597225796718839,,,,13.451697100253789,85.0,1
8552,2026-03-18 03:27:46.588600,Sukkur Barrage Colony,59.89572186590155,2.227297656202019,,,,14.36674527980155,85.0,1
9273,2026-03-18 03:27:46.588600,Sukkur Cantt,72.5036306275648,1.5002760049823596,,,,11.362046498563206,81.75134209054367,1
9994,2026-03-18 03:27:46.588600,Sukkur City Center,71.69545825688277,4.6556868227123465,,,,13.607290018569891,85.0,1
10715,2026-03-18 03:27:46.588600,Sukkur Industrial Zone,52.79631094726025,3.410912393828375,,,,20.32417294329158,85.0,1
622,2026-03-18 04:27:46.588600,Airport Road Sukkur,67.0318587363858,1.6598773869493932,,,,10.447726608682206,85.0,1
1343,2026-03-18 04:27:46.588600,Ghotki District Supply,48.71655740414417,2.0449296096029754,,,,15.08022340981621,83.87823053741664,1
2064,2026-03-18 04:27:46.588600,Lab-e-Mehran,46.02822282930696,2.73350213895694,,,,13.171157880742445,85.0,1
2785,2026-03-18 04:27:46.588600,Lal Shahbaz Area,71.5149116046713,1.6205190648409475,,,,9.108820578927421,78.37649051394563,1
3506,2026-03-18 04:27:46.588600,Minara Road Sukkur,65.0323635199834,3.825382356993239,,,,13.746060574642163,85.0,1
4227,2026-03-18 04:27:46.588600,New Sukkur Township,79.13979082175867,2.527296339028649,,,,14.314744025981028,85.0,1
4948,2026-03-18 04:27:46.588600,Old Sukkur City,71.34108834243588,3.757775666551942,,,,9.894054410989682,85.0,1
5669,2026-03-18 04:27:46.588600,Pano Aqil Town,51.13016045947931,3.9725141407240874,,,,12.18122792591071,85.0,1
6390,2026-03-18 04:27:46.588600,Rohri City,66.72787599476146,2.6654794722242077,,,,9.091020654694415,85.0,1
7111,2026-03-18 04:27:46.588600,Saleh Pat Sukkur,58.480378442974704,3.040725411286418,,,,12.31250116329905,85.0,1
7832,2026-03-18 04:27:46.588600,Shikarpur Road Sukkur,36.08142122730581,0.7793959845758794,,,,13.278931949843528,85.0,1
8553,2026-03-18 04:27:46.588600,Sukkur Barrage Colony,64.6811773604143,3.2363251493030587,,,,13.1950126744644,85.0,1
9274,2026-03-18 04:27:46.588600,Sukkur Cantt,71.69725649885353,2.367528485690769,,,,13.8887011279159,85.0,1
9995,2026-03-18 04:27:46.588600,Sukkur City Center,79.0646776552004,2.290941924799742,,,,12.570864929223944,85.0,1
10716,2026-03-18 04:27:46.588600,Sukkur Industrial Zone,50.83255584535566,3.9777680827716266,,,,10.58543917105178,85.0,1
623,2026-03-18 05:27:46.588600,Airport Road Sukkur,69.02012443356828,1.9882249767324782,,,,9.840100035603792,75.66498259272777,1
1344,2026-03-18 05:27:46.588600,Ghotki District Supply,40.1193391727353,0.9894714989367538,,,,8.0,85.0,1
2065,2026-03-18 05:27:46.588600,Lab-e-Mehran,48.52420130111016,2.168881873867802,,,,10.113088361730137,83.1341140732234,1
2786,2026-03-18 05:27:46.588600,Lal Shahbaz Area,67.99576907682535,5.18712913001068,,,,10.247216250174814,85.0,1
3507,2026-03-18 05:27:46.588600,Minara Road Sukkur,64.49806127993921,2.760451450700787,,,,10.091635115027374,83.55591460364161,1
4228,2026-03-18 05:27:46.588600,New Sukkur Township,75.45802878337048,5.4246950626823764,,,,10.395940793491132,85.0,1
4949,2026-03-18 05:27:46.588600,Old Sukkur City,78.41991095728307,5.247683290491045,,,,9.568820005204467,85.0,1
5670,2026-03-18 05:27:46.588600,Pano Aqil Town,45.98744890918764,3.3671132914690007,,,,10.450410341575843,81.50466396089107,1
6391,2026-03-18 05:27:46.588600,Rohri City,63.181278687065024,5.010279417423535,,,,11.613015040631595,85.0,1
7112,2026-03-18 05:27:46.588600,Saleh Pat Sukkur,53.07455384942125,1.6776025208147372,,,,9.590343522418998,85.0,1
7833,2026-03-18 05:27:46.588600,Shikarpur Road Sukkur,44.25868451277339,2.598558884189743,,,,8.0,85.0,1
8554,2026-03-18 05:27:46.588600,Sukkur Barrage Colony,62.90593328534094,2.1473989728255187,,,,10.45152878024588,85.0,1
9275,2026-03-18 05:27:46.588600,Sukkur Cantt,74.50204795234373,2.5977999509217025,,,,12.10983194678058,85.0,1
9996,2026-03-18 05:27:46.588600,Sukkur City Center,70.6273205215222,1.7512176204638148,,,,10.257189023804363,85.0,1
10717,2026-03-18 05:27:46.588600,Sukkur Industrial Zone,51.20346253658022,1.667589243506273,,,,13.478425125484263,85.0,1
624,2026-03-18 06:27:46.588600,Airport Road Sukkur,66.09727902943419,3.2309418184482124,,,,8.357683017859166,77.22813718718614,1
1345,2026-03-18 06:27:46.588600,Ghotki District Supply,51.06314618444574,1.742097836267191,,,,8.0,85.0,1
2066,2026-03-18 06:27:46.588600,Lab-e-Mehran,50.56814580983732,1.2661110877197872,,,,13.151157083775928,85.0,1
2787,2026-03-18 06:27:46.588600,Lal Shahbaz Area,64.62555232231453,4.389859693464181,,,,10.72126526923038,82.47975492384874,1
3508,2026-03-18 06:27:46.588600,Minara Road Sukkur,60.42866586953187,3.239519268456466,,,,9.576810572445398,85.0,1
4229,2026-03-18 06:27:46.588600,New Sukkur Township,74.46124892818969,2.2584532775964274,,,,8.0,85.0,1
4950,2026-03-18 06:27:46.588600,Old Sukkur City,72.59191834156269,5.252817059808915,,,,8.0,85.0,1
5671,2026-03-18 06:27:46.588600,Pano Aqil Town,51.09102185754049,3.576192267387219,,,,8.777715150721258,85.0,1
6392,2026-03-18 06:27:46.588600,Rohri City,65.69796079162542,2.883611317020988,,,,8.105052367440889,85.0,1
7113,2026-03-18 06:27:46.588600,Saleh Pat Sukkur,46.33043013861205,1.7047642846231221,,,,8.128728249402824,85.0,1
7834,2026-03-18 06:27:46.588600,Shikarpur Road Sukkur,39.46319538769052,2.878144877149783,,,,8.0,85.0,1
8555,2026-03-18 06:27:46.588600,Sukkur Barrage Colony,64.07895898094893,4.665753988213649,,,,8.04691829885775,85.0,1
9276,2026-03-18 06:27:46.588600,Sukkur Cantt,73.25518724088572,4.2640578677939205,,,,8.0,85.0,1
9997,2026-03-18 06:27:46.588600,Sukkur City Center,70.77596119759413,4.855446072314515,,,,8.0,85.0,1
10718,2026-03-18 06:27:46.588600,Sukkur Industrial Zone,50.32658253418386,1.2888604351099149,,,,8.0,85.0,1
625,2026-03-18 07:27:46.588600,Airport Road Sukkur,63.42630732917735,3.1183272214507656,,,,8.0,85.0,1
1346,2026-03-18 07:27:46.588600,Ghotki District Supply,36.06058289525354,1.5991833319372741,,,,8.144104673496416,85.0,1
2067,2026-03-18 07:27:46.588600,Lab-e-Mehran,53.93768711383072,1.6535218689841047,,,,8.0,82.03187062622476,1
2788,2026-03-18 07:27:46.588600,Lal Shahbaz Area,66.14963543612842,4.59689297884055,,,,8.41345210204322,85.0,1
3509,2026-03-18 07:27:46.588600,Minara Road Sukkur,62.999604665745466,1.661943151567297,,,,8.0,85.0,1
4230,2026-03-18 07:27:46.588600,New Sukkur Township,77.9760123451643,5.321431289872883,,,,9.20504132878976,85.0,1
4951,2026-03-18 07:27:46.588600,Old Sukkur City,70.82317326144371,4.135685237201215,,,,8.0,85.0,1
5672,2026-03-18 07:27:46.588600,Pano Aqil Town,49.315757473240566,2.9191327676459586,,,,9.164023014319355,85.0,1
6393,2026-03-18 07:27:46.588600,Rohri City,66.92368799065595,2.6137472673645243,,,,8.0,85.0,1
7114,2026-03-18 07:27:46.588600,Saleh Pat Sukkur,54.019047892620314,4.039773392003238,,,,8.27348186923616,85.0,1
7835,2026-03-18 07:27:46.588600,Shikarpur Road Sukkur,38.799540484590814,2.7879003908310387,,,,8.0,85.0,1
8556,2026-03-18 07:27:46.588600,Sukkur Barrage Colony,58.736584378150596,4.542001406294148,,,,8.0,85.0,1
9277,2026-03-18 07:27:46.588600,Sukkur Cantt,72.29592573610168,4.09460809309639,,,,8.0,85.0,1
9998,2026-03-18 07:27:46.588600,Sukkur City Center,71.8273103559454,1.5628497133336208,,,,8.0,85.0,1
10719,2026-03-18 07:27:46.588600,Sukkur Industrial Zone,52.03172070923864,1.13740290414182,,,,8.0,85.0,1
626,2026-03-18 08:27:46.588600,Airport Road Sukkur,68.03569374066436,4.265852475045957,,,,8.0,85.0,1
1347,2026-03-18 08:27:46.588600,Ghotki District Supply,51.23092163966669,1.3913508390679101,,,,8.0,85.0,1
2068,2026-03-18 08:27:46.588600,Lab-e-Mehran,48.22737105325202,1.912960963752348,,,,8.0,85.0,1
2789,2026-03-18 08:27:46.588600,Lal Shahbaz Area,67.79996792475127,4.957823779193634,,,,8.0,85.0,1
3510,2026-03-18 08:27:46.588600,Minara Road Sukkur,61.11644851416224,1.4040663108395548,,,,8.0,85.0,1
4231,2026-03-18 08:27:46.588600,New Sukkur Township,69.43447093687939,1.580540454014579,,,,8.0,82.93842929696906,1
4952,2026-03-18 08:27:46.588600,Old Sukkur City,76.93464747935495,5.844463661956922,,,,8.0,80.68549150037865,1
5673,2026-03-18 08:27:46.588600,Pano Aqil Town,54.724691293281985,2.565735316732351,,,,8.0,84.31458767521187,1
6394,2026-03-18 08:27:46.588600,Rohri City,62.53295419230329,2.3169007036363434,,,,8.620471068260816,85.0,1
7115,2026-03-18 08:27:46.588600,Saleh Pat Sukkur,47.84905584091757,1.2924936454495224,,,,8.0,78.91538641796666,1
7836,2026-03-18 08:27:46.588600,Shikarpur Road Sukkur,40.51561957737848,2.483616733908545,,,,8.221018291268093,85.0,1
8557,2026-03-18 08:27:46.588600,Sukkur Barrage Colony,65.56839319346082,4.309765494074934,,,,8.0,78.22228764866546,1
9278,2026-03-18 08:27:46.588600,Sukkur Cantt,82.48185787856538,3.317830900336566,,,,8.76477698451666,85.0,1
9999,2026-03-18 08:27:46.588600,Sukkur City Center,75.58522075427807,5.256493878681073,,,,8.0,80.47543067626464,1
10720,2026-03-18 08:27:46.588600,Sukkur Industrial Zone,54.400421862300774,2.320214666747755,,,,8.0,85.0,1
627,2026-03-18 09:27:46.588600,Airport Road Sukkur,59.90373405775995,4.211230903766146,,,,8.0,84.51692302343847,1
1348,2026-03-18 09:27:46.588600,Ghotki District Supply,38.20457753380516,1.781143311239585,,,,8.978672808856729,77.76391207511776,1
2069,2026-03-18 09:27:46.588600,Lab-e-Mehran,47.270783559904764,2.602676561282842,,,,9.617989668564645,85.0,1
2790,2026-03-18 09:27:46.588600,Lal Shahbaz Area,62.99755805032461,2.367177870648845,,,,8.0,85.0,1
3511,2026-03-18 09:27:46.588600,Minara Road Sukkur,68.81943562349558,4.402415720476037,,,,8.0,78.01259664498065,1
4232,2026-03-18 09:27:46.588600,New Sukkur Township,79.95961049841009,2.813047386241358,,,,8.0,77.97946378835981,1
4953,2026-03-18 09:27:46.588600,Old Sukkur City,75.30034728662663,5.905057272279437,,,,8.0,80.63339414327359,1
5674,2026-03-18 09:27:46.588600,Pano Aqil Town,54.88575423111532,1.6083309450974776,,,,8.0,76.38987590220798,1
6395,2026-03-18 09:27:46.588600,Rohri City,67.40412714690555,4.200240329962084,,,,8.282235887552925,81.31463700925214,1
7116,2026-03-18 09:27:46.588600,Saleh Pat Sukkur,54.04639444582086,2.6542245532996716,,,,8.0,79.58030809633883,1
7837,2026-03-18 09:27:46.588600,Shikarpur Road Sukkur,44.33981154071928,3.3670604286608854,,,,8.927017627170867,85.0,1
8558,2026-03-18 09:27:46.588600,Sukkur Barrage Colony,65.43085037693325,2.1953938771081947,,,,8.0,85.0,1
9279,2026-03-18 09:27:46.588600,Sukkur Cantt,71.56391343169132,3.6099630201328705,,,,9.092398642057105,76.71339920506206,1
10000,2026-03-18 09:27:46.588600,Sukkur City Center,78.2477888419696,2.960375550725625,,,,8.544254884078232,78.35704377152828,1
10721,2026-03-18 09:27:46.588600,Sukkur Industrial Zone,50.15496451985893,2.4146793417546046,,,,8.0,74.35822388791911,1
628,2026-03-18 10:27:46.588600,Airport Road Sukkur,77.84768731573378,5.334957302042463,,,,8.0,81.28507021374244,1
1349,2026-03-18 10:27:46.588600,Ghotki District Supply,51.181489899192336,2.116905085757463,,,,9.326568244273776,77.49521744763727,1
2070,2026-03-18 10:27:46.588600,Lab-e-Mehran,57.018347468232015,3.176742296367993,,,,8.0,79.80857296652181,1
2791,2026-03-18 10:27:46.588600,Lal Shahbaz Area,77.4434874432988,5.2538702471495915,,,,9.022944920776132,74.36201487606652,1
3512,2026-03-18 10:27:46.588600,Minara Road Sukkur,80.54124875996719,3.864117930049053,,,,8.0,72.78402225655985,1
4233,2026-03-18 10:27:46.588600,New Sukkur Township,83.25581270519329,5.146950442042903,,,,8.0,73.42395539178472,1
4954,2026-03-18 10:27:46.588600,Old Sukkur City,88.87284641157574,3.995769392923522,,,,8.68161836554515,66.62116719738697,1
5675,2026-03-18 10:27:46.588600,Pano Aqil Town,64.03440916932828,1.9252653586568507,,,,8.0,73.79969803052593,1
6396,2026-03-18 10:27:46.588600,Rohri City,79.78451402635184,3.9678000001315046,,,,8.0,77.50125986728983,1
7117,2026-03-18 10:27:46.588600,Saleh Pat Sukkur,75.38930513415899,1.5710023571364646,,,,8.0,78.28821432335741,1
7838,2026-03-18 10:27:46.588600,Shikarpur Road Sukkur,55.55958177175716,2.0994485242802177,,,,8.0,76.71901781307206,1
8559,2026-03-18 10:27:46.588600,Sukkur Barrage Colony,81.841421359134,5.735530821218987,,,,8.0,82.865027710093,1
9280,2026-03-18 10:27:46.588600,Sukkur Cantt,86.93874791107373,3.3833414344384987,,,,8.360276512586019,74.11716944172005,1
10001,2026-03-18 10:27:46.588600,Sukkur City Center,90.26359944005287,2.290712205560056,,,,8.0,71.45418355586035,1
10722,2026-03-18 10:27:46.588600,Sukkur Industrial Zone,61.71915411609714,3.2863585451631567,,,,8.0,76.97534077742411,1
629,2026-03-18 11:27:46.588600,Airport Road Sukkur,84.43648617312215,4.55282054850387,,,,10.380712717334251,78.21906803288255,1
1350,2026-03-18 11:27:46.588600,Ghotki District Supply,65.6067185457468,2.2234838809422492,,,,8.0,69.6400230160679,1
2071,2026-03-18 11:27:46.588600,Lab-e-Mehran,70.88446653862341,1.458600799654324,,,,8.368613891923653,77.96099556784301,1
2792,2026-03-18 11:27:46.588600,Lal Shahbaz Area,87.762619538177,6.113629217486575,,,,8.0,77.02604905687771,1
3513,2026-03-18 11:27:46.588600,Minara Road Sukkur,84.6930546772121,5.7044207438457715,,,,9.383773043589178,79.37470782831204,1
4234,2026-03-18 11:27:46.588600,New Sukkur Township,100.44156533814666,4.797186651028627,,,,9.468345080756865,72.3663359632198,1
4955,2026-03-18 11:27:46.588600,Old Sukkur City,91.47777143454219,5.97808876910133,,,,9.115618434234445,67.14371172073496,1
5676,2026-03-18 11:27:46.588600,Pano Aqil Town,64.53730449481587,2.6748047073051957,,,,8.0,67.4689537933412,1
6397,2026-03-18 11:27:46.588600,Rohri City,96.84920287120498,6.249508635733093,,,,10.063364968842112,63.09504267931805,1
7118,2026-03-18 11:27:46.588600,Saleh Pat Sukkur,75.92242775388529,3.799914203999338,,,,11.978778280927319,75.05515049526959,1
7839,2026-03-18 11:27:46.588600,Shikarpur Road Sukkur,51.034046069751575,2.56836841318486,,,,10.00880004383217,67.03239772467883,1
8560,2026-03-18 11:27:46.588600,Sukkur Barrage Colony,81.5955636151201,6.3054706487265495,,,,11.579741085229728,68.00904268898087,1
9281,2026-03-18 11:27:46.588600,Sukkur Cantt,101.04460190845806,8.04429756001095,,,,8.0,72.43037834550873,1
10002,2026-03-18 11:27:46.588600,Sukkur City Center,99.50161334231883,3.0470325325706544,,,,8.098513159674155,65.84924654291439,1
10723,2026-03-18 11:27:46.588600,Sukkur Industrial Zone,65.29797215430565,4.33721909322812,,,,11.114342214092758,75.22593186359424,1
630,2026-03-18 12:27:46.588600,Airport Road Sukkur,90.30427941815987,2.610094223637927,,,,13.245731940763443,53.65570843804043,1
1351,2026-03-18 12:27:46.588600,Ghotki District Supply,57.36581312419213,2.394849827240456,,,,12.635641542356428,62.347060790785314,1
2072,2026-03-18 12:27:46.588600,Lab-e-Mehran,68.67424668378467,2.1672176045995815,,,,10.066215296014809,70.6451671482112,1
2793,2026-03-18 12:27:46.588600,Lal Shahbaz Area,90.48174180598235,5.583836165133409,,,,12.153252701194802,69.20046507079641,1
3514,2026-03-18 12:27:46.588600,Minara Road Sukkur,93.35142370312934,6.7526090758906285,,,,10.571385228905466,61.38877487007927,1
4235,2026-03-18 12:27:46.588600,New Sukkur Township,106.59974896659564,5.6096194673565885,,,,11.396617093903478,64.94347047710366,1
4956,2026-03-18 12:27:46.588600,Old Sukkur City,108.62061147305494,4.461174245415769,,,,11.432716738299264,70.65467150795969,1
5677,2026-03-18 12:27:46.588600,Pano Aqil Town,72.90561817798539,2.5010977705697925,,,,15.26860015986022,59.55025129752689,1
6398,2026-03-18 12:27:46.588600,Rohri City,86.24080401595461,5.36948846450672,,,,11.151598787539141,62.61372505465097,1
7119,2026-03-18 12:27:46.588600,Saleh Pat Sukkur,68.42859243586138,2.6809883873797036,,,,16.071151455116116,68.07823883142997,1
7840,2026-03-18 12:27:46.588600,Shikarpur Road Sukkur,66.18638084607483,5.2615985196051165,,,,9.98770018160452,72.78614961287114,1
8561,2026-03-18 12:27:46.588600,Sukkur Barrage Colony,93.36568629795866,7.0252070783086875,,,,11.789925286980807,72.27945106322076,1
9282,2026-03-18 12:27:46.588600,Sukkur Cantt,105.89220531568155,6.343910607032619,,,,9.909093967077796,67.3719128916011,1
10003,2026-03-18 12:27:46.588600,Sukkur City Center,103.20892621494042,2.315663914049782,,,,8.0,70.22776448448121,1
10724,2026-03-18 12:27:46.588600,Sukkur Industrial Zone,71.59067851351534,5.028681287972055,,,,11.487445744258714,66.22661844753507,1
631,2026-03-18 13:27:46.588600,Airport Road Sukkur,68.46718322166927,5.4676066392605005,,,,12.88272915309135,61.04033236040668,1
1352,2026-03-18 13:27:46.588600,Ghotki District Supply,39.1286641804784,0.9693128412788353,,,,12.479009325626063,63.337326271245416,1
2073,2026-03-18 13:27:46.588600,Lab-e-Mehran,52.13033622001064,2.4360231911457597,,,,15.65710331407123,58.725668069605824,1
2794,2026-03-18 13:27:46.588600,Lal Shahbaz Area,63.09836011997112,3.701841036222039,,,,16.376686770280315,61.61559106022864,1
3515,2026-03-18 13:27:46.588600,Minara Road Sukkur,61.565099307492076,1.946081546495948,,,,15.878718756235296,56.31294632943046,1
4236,2026-03-18 13:27:46.588600,New Sukkur Township,71.12307308968458,3.280134275013558,,,,12.258215679785009,53.16902200742284,1
4957,2026-03-18 13:27:46.588600,Old Sukkur City,77.17742032219873,3.278636999583386,,,,15.085809992044613,62.18036718298332,1
5678,2026-03-18 13:27:46.588600,Pano Aqil Town,49.13118618323738,1.950083473691227,,,,14.762200857157046,65.80477456394289,1
6399,2026-03-18 13:27:46.588600,Rohri City,67.69953331465948,3.773580629786126,,,,14.799020150191597,59.224954065249314,1
7120,2026-03-18 13:27:46.588600,Saleh Pat Sukkur,49.46907257519958,1.1210991656274045,,,,20.266806104168715,63.653167459018725,1
7841,2026-03-18 13:27:46.588600,Shikarpur Road Sukkur,40.54473788557838,1.2665288532790273,,,,20.54063007804604,51.12349513957869,1
8562,2026-03-18 13:27:46.588600,Sukkur Barrage Colony,70.76317382996052,4.993877003738561,,,,13.73069642940606,56.572493519903404,1
9283,2026-03-18 13:27:46.588600,Sukkur Cantt,75.57824473610454,3.2748284071048652,,,,18.411923703019234,47.816780513967856,1
10004,2026-03-18 13:27:46.588600,Sukkur City Center,74.82797058782756,4.983043678291032,,,,13.713854688902218,57.582929325764226,1
10725,2026-03-18 13:27:46.588600,Sukkur Industrial Zone,49.538161535697135,1.4698483702517806,,,,13.945501125088608,57.31887740406203,1
632,2026-03-18 14:27:46.588600,Airport Road Sukkur,65.78414263269198,2.7155990511476533,,,,16.780364070452016,53.21514306134969,1
1353,2026-03-18 14:27:46.588600,Ghotki District Supply,39.25573437191053,1.7830590424746902,,,,21.27049246107238,45.116575339626934,1
2074,2026-03-18 14:27:46.588600,Lab-e-Mehran,51.369430906537694,3.3203551827381745,,,,20.145074335142446,56.1067618666382,1
2795,2026-03-18 14:27:46.588600,Lal Shahbaz Area,61.53344740561602,2.5227602096250137,,,,19.58815674466369,51.25612744835236,1
3516,2026-03-18 14:27:46.588600,Minara Road Sukkur,66.04684529873873,2.921268588416693,,,,14.96131637026005,53.656409029099564,1
4237,2026-03-18 14:27:46.588600,New Sukkur Township,71.24798414428346,1.4394560432720123,,,,19.84136303589466,49.687998855856605,1
4958,2026-03-18 14:27:46.588600,Old Sukkur City,74.60822742421617,3.4043079047202274,,,,20.177400107245862,44.116955035112795,1
5679,2026-03-18 14:27:46.588600,Pano Aqil Town,53.626591441283864,3.7644426077815685,,,,15.909031658287313,44.93853108635203,1
6400,2026-03-18 14:27:46.588600,Rohri City,59.06010890112942,2.6798809960325563,,,,15.475994896137621,45.842669110355374,1
7121,2026-03-18 14:27:46.588600,Saleh Pat Sukkur,51.74566741076328,1.1894553419658391,,,,18.2382983566591,47.28521488391422,1
7842,2026-03-18 14:27:46.588600,Shikarpur Road Sukkur,46.51854094565315,2.63322698469385,,,,16.70737947759527,65.62703533472445,1
8563,2026-03-18 14:27:46.588600,Sukkur Barrage Colony,66.05352015487952,1.651960772916448,,,,21.960666609585033,60.565438770170196,1
9284,2026-03-18 14:27:46.588600,Sukkur Cantt,76.73792033828386,1.5810203981095319,,,,15.689587526507319,57.68064296417002,1
10005,2026-03-18 14:27:46.588600,Sukkur City Center,69.15839280598621,3.146605358600484,,,,18.84893055209278,49.374116026643115,1
10726,2026-03-18 14:27:46.588600,Sukkur Industrial Zone,52.58109692408148,1.9945220934131176,,,,22.02091424437802,53.282879772530535,1
633,2026-03-18 15:27:46.588600,Airport Road Sukkur,66.59491929272865,3.4762767022392644,,,,19.55993765270923,47.04589759881872,1
1354,2026-03-18 15:27:46.588600,Ghotki District Supply,49.218937883697016,3.3981510942485382,,,,21.522247498232378,37.95189181197145,1
2075,2026-03-18 15:27:46.588600,Lab-e-Mehran,43.69280827378455,1.3752375682820974,,,,20.149119997649347,36.38847259919767,1
2796,2026-03-18 15:27:46.588600,Lal Shahbaz Area,63.39372094134488,3.9494989636050257,,,,24.032376492536127,41.80550425914032,1
3517,2026-03-18 15:27:46.588600,Minara Road Sukkur,64.10420569953186,3.9532918438491955,,,,22.061216902163796,38.49212502137415,1
4238,2026-03-18 15:27:46.588600,New Sukkur Township,74.98722693846949,2.4778895585620524,,,,20.54062673320744,50.51667441933722,1
4959,2026-03-18 15:27:46.588600,Old Sukkur City,79.03543844217472,3.3631318577761053,,,,19.0367933306069,48.22850956077655,1
5680,2026-03-18 15:27:46.588600,Pano Aqil Town,55.210083591202505,1.6207904512120206,,,,22.937247124156013,49.34899713209083,1
6401,2026-03-18 15:27:46.588600,Rohri City,68.52262776583015,3.206772006180983,,,,18.33687693019502,42.67822293828234,1
7122,2026-03-18 15:27:46.588600,Saleh Pat Sukkur,51.09332118430611,2.8467645188349624,,,,17.96823397538252,49.675508006870885,1
7843,2026-03-18 15:27:46.588600,Shikarpur Road Sukkur,43.63630177991314,3.2371887595344013,,,,21.024580788827027,45.12345408081307,1
8564,2026-03-18 15:27:46.588600,Sukkur Barrage Colony,72.9092569734654,2.425864545157592,,,,20.278929544447223,49.57076635269672,1
9285,2026-03-18 15:27:46.588600,Sukkur Cantt,75.99922472068363,4.582592925032522,,,,21.708480863705514,51.944648979011724,1
10006,2026-03-18 15:27:46.588600,Sukkur City Center,77.69210732853227,6.005690816884483,,,,18.846889832027983,49.62250918820022,1
10727,2026-03-18 15:27:46.588600,Sukkur Industrial Zone,49.21587058749208,3.618529390638056,,,,18.845060848867277,42.51156181342459,1
634,2026-03-18 16:27:46.588600,Airport Road Sukkur,74.78882463195278,3.1175322657501687,,,,23.72793121254947,47.32405884307251,1
1355,2026-03-18 16:27:46.588600,Ghotki District Supply,44.3602598877995,2.0295012402410273,,,,25.220900521384596,42.55830131474914,1
2076,2026-03-18 16:27:46.588600,Lab-e-Mehran,53.29715406629459,2.313663015687774,,,,23.152815859638903,35.169910628261576,1
2797,2026-03-18 16:27:46.588600,Lal Shahbaz Area,62.49122352936824,3.465832087475134,,,,23.45490469025321,51.901647459437825,1
3518,2026-03-18 16:27:46.588600,Minara Road Sukkur,66.20665940139261,2.6397363152551194,,,,25.43927954746608,39.837710902642456,1
4239,2026-03-18 16:27:46.588600,New Sukkur Township,79.58957924223428,4.699467753096114,,,,22.595407322843542,42.938715966013014,1
4960,2026-03-18 16:27:46.588600,Old Sukkur City,76.0526518889995,3.179015593194413,,,,23.327968548522616,45.38925770364333,1
5681,2026-03-18 16:27:46.588600,Pano Aqil Town,51.436904681794466,1.1557400602622259,,,,23.441496115940858,42.00001179016323,1
6402,2026-03-18 16:27:46.588600,Rohri City,65.9295615524712,4.9110601524336035,,,,21.90826869572109,47.65634931368325,1
7123,2026-03-18 16:27:46.588600,Saleh Pat Sukkur,56.602592845345505,1.8773268357792188,,,,23.897892379349507,43.31394756938509,1
7844,2026-03-18 16:27:46.588600,Shikarpur Road Sukkur,44.93883629780698,2.4784286444706574,,,,24.99506330845625,44.356628905157514,1
8565,2026-03-18 16:27:46.588600,Sukkur Barrage Colony,57.397453933617705,1.7562312576674863,,,,23.541155772427825,43.37649015721209,1
9286,2026-03-18 16:27:46.588600,Sukkur Cantt,79.63488365352707,4.675495327524645,,,,22.675590710371573,47.75570689763637,1
10007,2026-03-18 16:27:46.588600,Sukkur City Center,72.05365131149479,4.505313785592002,,,,23.212899634792112,56.526921998176825,1
10728,2026-03-18 16:27:46.588600,Sukkur Industrial Zone,54.132383172505406,2.5535035728374003,,,,21.393002669242783,44.31270546017525,1
635,2026-03-18 17:27:46.588600,Airport Road Sukkur,66.5982745658206,3.2635664255072134,,,,29.016276340221424,47.39291231776608,1
1356,2026-03-18 17:27:46.588600,Ghotki District Supply,43.70220782154552,2.137761097487941,,,,25.115020289352348,49.7051073475125,1
2077,2026-03-18 17:27:46.588600,Lab-e-Mehran,46.21990561296431,0.975700391199314,,,,23.70157451333978,39.20680412341166,1
2798,2026-03-18 17:27:46.588600,Lal Shahbaz Area,61.77298326612882,1.611221939898507,,,,26.455085148833728,44.83739636138542,1
3519,2026-03-18 17:27:46.588600,Minara Road Sukkur,69.55961796136057,5.562119664798571,,,,26.93056083411876,43.34899934361532,1
4240,2026-03-18 17:27:46.588600,New Sukkur Township,71.46916970805276,3.642730321688834,,,,29.826683012754337,43.89360574368636,1
4961,2026-03-18 17:27:46.588600,Old Sukkur City,75.37609862104227,5.845884737272984,,,,24.41647549229187,35.475656563415924,1
5682,2026-03-18 17:27:46.588600,Pano Aqil Town,56.829739582282926,2.02536627883497,,,,29.91520932838314,35.0,1
6403,2026-03-18 17:27:46.588600,Rohri City,67.51980870429021,1.7309369048434873,,,,29.214077637655862,42.465246285701355,1
7124,2026-03-18 17:27:46.588600,Saleh Pat Sukkur,41.53769663976727,2.245421712290773,,,,24.99137027600826,39.51205974250385,1
7845,2026-03-18 17:27:46.588600,Shikarpur Road Sukkur,42.240425946340004,1.827481833084483,,,,26.662991017780442,36.018383476415416,1
8566,2026-03-18 17:27:46.588600,Sukkur Barrage Colony,66.23118614200293,2.976711090969639,,,,26.187844980300238,45.61228782432126,1
9287,2026-03-18 17:27:46.588600,Sukkur Cantt,68.05140536422569,1.7777429387247772,,,,22.72486566154154,36.57377919276656,1
10008,2026-03-18 17:27:46.588600,Sukkur City Center,71.46564759799628,4.779120566026546,,,,26.969986996031047,40.36059741540737,1
10729,2026-03-18 17:27:46.588600,Sukkur Industrial Zone,56.00883949014864,2.6096911366872964,,,,29.690361943502886,35.0,1
636,2026-03-18 18:27:46.588600,Airport Road Sukkur,63.527575951098065,1.8384141593588808,,,,27.246480225380548,44.07000404196289,1
1357,2026-03-18 18:27:46.588600,Ghotki District Supply,43.027636295624426,1.362263760943548,,,,29.840907563291093,37.07832527970228,1
2078,2026-03-18 18:27:46.588600,Lab-e-Mehran,53.189569189841755,3.8034247328896336,,,,27.433216731066814,44.02426064553756,1
2799,2026-03-18 18:27:46.588600,Lal Shahbaz Area,62.27548970914472,3.5203852206013937,,,,27.44144651446014,36.78960877106264,1
3520,2026-03-18 18:27:46.588600,Minara Road Sukkur,63.5471056248628,4.533110952291881,,,,28.04373522304255,42.28605446494712,1
4241,2026-03-18 18:27:46.588600,New Sukkur Township,80.15491833184454,2.925735899778792,,,,31.450174492754446,45.572809437721176,1
4962,2026-03-18 18:27:46.588600,Old Sukkur City,84.3902469168451,5.318844843586155,,,,33.657594323902345,43.90294899847317,1
5683,2026-03-18 18:27:46.588600,Pano Aqil Town,51.50320476136399,1.0994089185107252,,,,30.51291066936529,35.26053963607521,1
6404,2026-03-18 18:27:46.588600,Rohri City,60.9399129420974,2.990548759239027,,,,23.923855641921985,43.76427649469785,1
7125,2026-03-18 18:27:46.588600,Saleh Pat Sukkur,54.39859610964401,1.65615595125476,,,,30.058499479070626,35.0,1
7846,2026-03-18 18:27:46.588600,Shikarpur Road Sukkur,37.268350238803784,1.8038020369056467,,,,32.46768189066955,42.6412483418025,1
8567,2026-03-18 18:27:46.588600,Sukkur Barrage Colony,63.099032876488835,3.5188408940488416,,,,29.068791490748243,42.338678547554814,1
9288,2026-03-18 18:27:46.588600,Sukkur Cantt,81.7404858154037,1.639168741319993,,,,24.6731668232724,35.22173326503577,1
10009,2026-03-18 18:27:46.588600,Sukkur City Center,78.17397919705981,2.1557212945600264,,,,29.688576425414606,41.68201245401013,1
10730,2026-03-18 18:27:46.588600,Sukkur Industrial Zone,60.285063766664464,3.5283410695867063,,,,27.502802892594115,36.48292286572167,1
637,2026-03-18 19:27:46.588600,Airport Road Sukkur,80.02863725408892,5.119874377327917,,,,27.358719055673593,50.34325843784234,1
1358,2026-03-18 19:27:46.588600,Ghotki District Supply,58.72570165946127,1.174989111320317,,,,30.914060704934286,35.0,1
2079,2026-03-18 19:27:46.588600,Lab-e-Mehran,63.34403560921812,4.935007225999281,,,,31.352574790588214,36.909394397918554,1
2800,2026-03-18 19:27:46.588600,Lal Shahbaz Area,72.94660917321475,3.0897250544976727,,,,30.19316195166105,36.44266723432017,1
3521,2026-03-18 19:27:46.588600,Minara Road Sukkur,78.7971721626663,4.739143660295179,,,,31.646866694070003,35.0,1
4242,2026-03-18 19:27:46.588600,New Sukkur Township,95.15901566803348,2.742238490219981,,,,31.000721973001706,40.13768177253885,1
4963,2026-03-18 19:27:46.588600,Old Sukkur City,89.20385210985489,2.9338987926215174,,,,31.511739833512355,36.82962799073016,1
5684,2026-03-18 19:27:46.588600,Pano Aqil Town,64.95103144372649,4.1820338088824025,,,,29.699330426787792,46.04697873885604,1
6405,2026-03-18 19:27:46.588600,Rohri City,72.50070390901809,4.91957687184365,,,,30.257351236849484,46.25277779406597,1
7126,2026-03-18 19:27:46.588600,Saleh Pat Sukkur,64.4309042797124,3.436978261504293,,,,30.046166429539035,37.132475901220765,1
7847,2026-03-18 19:27:46.588600,Shikarpur Road Sukkur,52.01817595014842,1.6499871943048017,,,,31.90869888445169,35.76957933312675,1
8568,2026-03-18 19:27:46.588600,Sukkur Barrage Colony,85.16851105669735,5.586792609035006,,,,26.58582160710084,41.24562725355239,1
9289,2026-03-18 19:27:46.588600,Sukkur Cantt,86.25635717915102,4.096768653959898,,,,29.4513663044514,38.01800460398702,1
10010,2026-03-18 19:27:46.588600,Sukkur City Center,86.02543226716297,3.6247543863939766,,,,29.945752105426166,39.133851781955485,1
10731,2026-03-18 19:27:46.588600,Sukkur Industrial Zone,64.91793466097356,2.8564272842885856,,,,32.2069484758675,37.06211846806676,1
638,2026-03-18 20:27:46.588600,Airport Road Sukkur,90.17789195165442,3.1631295269015682,,,,27.195791592564888,44.95340876521034,1
1359,2026-03-18 20:27:46.588600,Ghotki District Supply,54.63592500455509,2.094705917000154,,,,29.906787622206334,53.136860221495155,1
2080,2026-03-18 20:27:46.588600,Lab-e-Mehran,69.35843736299444,3.2774743930562695,,,,31.034335943816554,43.76495614352042,1
2801,2026-03-18 20:27:46.588600,Lal Shahbaz Area,86.68072750105,3.3230024310028385,,,,31.374725597494365,47.78433968477617,1
3522,2026-03-18 20:27:46.588600,Minara Road Sukkur,85.65060815536812,3.4755688558437745,,,,30.810511382437564,41.02934907855737,1
4243,2026-03-18 20:27:46.588600,New Sukkur Township,98.63268652401464,7.339340442425954,,,,29.26875603228859,46.9260629425092,1
4964,2026-03-18 20:27:46.588600,Old Sukkur City,101.1166786914651,6.378801050859838,,,,28.70161925691774,45.16903421064231,1
5685,2026-03-18 20:27:46.588600,Pano Aqil Town,72.00744885966488,4.750246766477792,,,,28.678341358110746,39.03846045891688,1
6406,2026-03-18 20:27:46.588600,Rohri City,86.96783995863633,1.9467366143774816,,,,33.00130637666027,41.558879177816934,1
7127,2026-03-18 20:27:46.588600,Saleh Pat Sukkur,67.7413454550942,2.2817549095316134,,,,26.34364504563948,40.524950021041164,1
7848,2026-03-18 20:27:46.588600,Shikarpur Road Sukkur,60.327350069363476,4.670363619112517,,,,30.1336519098519,35.0,1
8569,2026-03-18 20:27:46.588600,Sukkur Barrage Colony,86.58453284702018,1.8774837760340688,,,,29.442182906953793,50.908007308779524,1
9290,2026-03-18 20:27:46.588600,Sukkur Cantt,104.6420217281154,3.6187074051407997,,,,30.197306774640413,46.00834880990921,1
10011,2026-03-18 20:27:46.588600,Sukkur City Center,103.05733785928906,5.641516458487831,,,,31.449151235496043,44.549476453700656,1
10732,2026-03-18 20:27:46.588600,Sukkur Industrial Zone,70.00649460241713,5.599074885785045,,,,31.10608921718816,45.595141629248225,1
639,2026-03-18 21:27:46.588600,Airport Road Sukkur,93.17867073030044,3.284594992625252,,,,27.4606906274151,54.963527477806664,1
1360,2026-03-18 21:27:46.588600,Ghotki District Supply,63.07098984029726,3.7370043194969225,,,,31.122756369836864,41.38372377477773,1
2081,2026-03-18 21:27:46.588600,Lab-e-Mehran,73.71058080658099,3.3534955920194403,,,,32.78540691509676,47.37728242951344,1
2802,2026-03-18 21:27:46.588600,Lal Shahbaz Area,84.77015802651054,5.88943224199209,,,,31.299241991597185,51.317861643059196,1
3523,2026-03-18 21:27:46.588600,Minara Road Sukkur,85.53016068148322,4.7103537154880675,,,,30.731671262660075,46.41065904896113,1
4244,2026-03-18 21:27:46.588600,New Sukkur Township,100.15182939673723,4.816591160051476,,,,29.275270008740662,42.86023926870493,1
4965,2026-03-18 21:27:46.588600,Old Sukkur City,105.78324011402856,7.177073603252348,,,,28.419640920544673,47.36713140540484,1
5686,2026-03-18 21:27:46.588600,Pano Aqil Town,76.3117096119218,5.833692246886253,,,,29.93160023765428,41.91675540806046,1
6407,2026-03-18 21:27:46.588600,Rohri City,91.8524646992886,4.439925205047478,,,,27.42935435332913,43.56735832518271,1
7128,2026-03-18 21:27:46.588600,Saleh Pat Sukkur,73.67918555871924,4.810633452454126,,,,28.849155041469352,53.28943899947131,1
7849,2026-03-18 21:27:46.588600,Shikarpur Road Sukkur,58.822752421210126,2.3469968705257997,,,,33.291194178154356,51.23506248609773,1
8570,2026-03-18 21:27:46.588600,Sukkur Barrage Colony,88.9405144565197,6.660197752296604,,,,32.28887186437033,51.300796144710326,1
9291,2026-03-18 21:27:46.588600,Sukkur Cantt,94.74903115336242,5.398440271820514,,,,32.58475570201188,49.105508472839354,1
10012,2026-03-18 21:27:46.588600,Sukkur City Center,104.70192983468114,7.404061052345179,,,,29.354335381422672,53.30837788309572,1
10733,2026-03-18 21:27:46.588600,Sukkur Industrial Zone,69.24872034847589,4.855636093411854,,,,27.946159803386102,35.0,1
640,2026-03-18 22:27:46.588600,Airport Road Sukkur,67.64675106879952,3.6658830358105186,,,,28.004724377057343,53.384648325530485,1
1361,2026-03-18 22:27:46.588600,Ghotki District Supply,42.62758479638613,2.08990104971896,,,,29.080211912588805,52.381943551550435,1
2082,2026-03-18 22:27:46.588600,Lab-e-Mehran,50.36432222939516,1.3165088797556355,,,,25.76530285834596,54.55246417335366,1
2803,2026-03-18 22:27:46.588600,Lal Shahbaz Area,67.44980233291028,4.402342970980466,,,,28.56153723499166,57.644079082243415,1
3524,2026-03-18 22:27:46.588600,Minara Road Sukkur,64.19006282568648,2.019963553950637,,,,26.93592549558648,49.91212541827228,1
4245,2026-03-18 22:27:46.588600,New Sukkur Township,73.68298449414894,2.2381172780589056,,,,27.881316940562158,56.36185364005524,1
4966,2026-03-18 22:27:46.588600,Old Sukkur City,77.10600285484345,4.534757131189238,,,,31.574752053760427,59.92784805496881,1
5687,2026-03-18 22:27:46.588600,Pano Aqil Town,52.872195961175535,3.4132754803562757,,,,30.71196692010693,51.03250569513989,1
6408,2026-03-18 22:27:46.588600,Rohri City,63.37186576648882,1.7887493524652276,,,,28.827832203287223,52.37459731459187,1
7129,2026-03-18 22:27:46.588600,Saleh Pat Sukkur,49.69451347713493,2.959982256276927,,,,28.58393908974556,59.94260189428408,1
7850,2026-03-18 22:27:46.588600,Shikarpur Road Sukkur,47.167576759756145,1.871358020311609,,,,27.35917523339583,46.55244440673279,1
8571,2026-03-18 22:27:46.588600,Sukkur Barrage Colony,64.37243011024923,4.106681169071051,,,,23.82842010124618,45.11920233973548,1
9292,2026-03-18 22:27:46.588600,Sukkur Cantt,76.81067328388251,2.084241158426964,,,,32.69650045317209,50.21193221451214,1
10013,2026-03-18 22:27:46.588600,Sukkur City Center,75.66102465725994,5.447181102704574,,,,29.689880745220584,47.088189227372375,1
10734,2026-03-18 22:27:46.588600,Sukkur Industrial Zone,52.606439006222544,3.868150081381825,,,,29.009264400366526,58.65472011255477,1
641,2026-03-18 23:27:46.588600,Airport Road Sukkur,60.06947640734986,1.5696867934903935,,,,31.098057763259266,56.687549017675366,1
1362,2026-03-18 23:27:46.588600,Ghotki District Supply,46.46242153890747,1.5013483841321744,,,,23.526602218202964,60.43553146771415,1
2083,2026-03-18 23:27:46.588600,Lab-e-Mehran,42.53024046086949,2.3786302352946,,,,25.545891403400322,63.420065711545355,1
2804,2026-03-18 23:27:46.588600,Lal Shahbaz Area,56.06539206664762,3.5164917638820494,,,,27.673776328606515,55.49997216264839,1
3525,2026-03-18 23:27:46.588600,Minara Road Sukkur,66.57168264897788,1.7360980398244412,,,,26.756682728088812,55.05653695857552,1
4246,2026-03-18 23:27:46.588600,New Sukkur Township,79.90524821553011,5.484427866413936,,,,26.81398034064837,60.13520436153968,1
4967,2026-03-18 23:27:46.588600,Old Sukkur City,76.12414620864912,2.6470359979861064,,,,25.97779823705392,57.81473572439035,1
5688,2026-03-18 23:27:46.588600,Pano Aqil Town,57.07234824066667,1.3917336470523711,,,,26.2897520511419,57.707388734154904,1
6409,2026-03-18 23:27:46.588600,Rohri City,66.59722015673806,3.4425325516910346,,,,23.66706214715819,58.07136770127965,1
7130,2026-03-18 23:27:46.588600,Saleh Pat Sukkur,57.798481998658964,3.3200442717397207,,,,24.436120604965716,54.40974639347605,1
7851,2026-03-18 23:27:46.588600,Shikarpur Road Sukkur,42.64319883142019,0.941921311379429,,,,28.35254275837155,56.446130297124576,1
8572,2026-03-18 23:27:46.588600,Sukkur Barrage Colony,60.93411157488549,3.2438462633436007,,,,29.987668938756208,59.632487518107354,1
9293,2026-03-18 23:27:46.588600,Sukkur Cantt,73.74752629990587,1.6961055437883836,,,,25.239848742647776,60.67733241655178,1
10014,2026-03-18 23:27:46.588600,Sukkur City Center,75.81021092209286,4.8198103182280825,,,,26.064243180719497,65.1479093389542,1
10735,2026-03-18 23:27:46.588600,Sukkur Industrial Zone,58.441512830178574,3.209141786855617,,,,26.139335706202665,49.51239387130945,1
642,2026-03-19 00:27:46.588600,Airport Road Sukkur,70.78965001408675,3.008132693119091,,,,23.91790468257289,67.49850040359414,1
1363,2026-03-19 00:27:46.588600,Ghotki District Supply,39.69549027628995,2.4409225799300582,,,,22.8813001505581,61.86302913400029,1
2084,2026-03-19 00:27:46.588600,Lab-e-Mehran,61.31463777643243,2.8161333605635477,,,,24.8141413839394,65.79400467300682,1
2805,2026-03-19 00:27:46.588600,Lal Shahbaz Area,62.098503189994844,2.874404248993787,,,,24.919475410257554,69.51971030230578,1
3526,2026-03-19 00:27:46.588600,Minara Road Sukkur,61.37390146724374,4.5092607368634505,,,,25.687899879853212,68.87805698679759,1
4247,2026-03-19 00:27:46.588600,New Sukkur Township,71.75655048665648,3.504037368682503,,,,22.004906350691385,58.76764250142597,1
4968,2026-03-19 00:27:46.588600,Old Sukkur City,72.63392551508817,4.244987750373392,,,,24.717968302999857,67.22490883824771,1
5689,2026-03-19 00:27:46.588600,Pano Aqil Town,53.30804289931492,3.985904785719537,,,,21.678932367536728,60.14646291097348,1
6410,2026-03-19 00:27:46.588600,Rohri City,61.51215285930611,2.6044356483154143,,,,25.154334430211186,66.55453267705197,1
7131,2026-03-19 00:27:46.588600,Saleh Pat Sukkur,45.98230851204863,1.9610540455938121,,,,21.736590065317856,68.11061161157738,1
7852,2026-03-19 00:27:46.588600,Shikarpur Road Sukkur,41.020091479300284,1.253986096070937,,,,23.953085358815432,70.59741104550973,1
8573,2026-03-19 00:27:46.588600,Sukkur Barrage Colony,61.39507056976562,1.5602365041486004,,,,24.044695428554483,71.30514732438209,1
9294,2026-03-19 00:27:46.588600,Sukkur Cantt,79.43554938186034,3.040744973955284,,,,21.470558749404983,61.511997044937154,1
10015,2026-03-19 00:27:46.588600,Sukkur City Center,72.55501019704718,3.3500669567800205,,,,23.248789807211875,59.79629994751248,1
10736,2026-03-19 00:27:46.588600,Sukkur Industrial Zone,45.48586803584688,2.0567822355238023,,,,19.857516356930063,66.16249219969637,1
643,2026-03-19 01:27:46.588600,Airport Road Sukkur,67.96449540465797,1.6671188216811719,,,,23.630617936210122,74.1212382315848,1
1364,2026-03-19 01:27:46.588600,Ghotki District Supply,35.94055408389802,1.053004491890173,,,,19.608450321236514,75.84132905323101,1
2085,2026-03-19 01:27:46.588600,Lab-e-Mehran,45.614487935980726,2.5750334415801794,,,,18.07659568804821,78.57152492365135,1
2806,2026-03-19 01:27:46.588600,Lal Shahbaz Area,64.0688982901546,2.1245366558368373,,,,21.936939275922647,70.69407421725855,1
3527,2026-03-19 01:27:46.588600,Minara Road Sukkur,63.197651410364365,2.2314887142602697,,,,22.899916640746472,75.61446448060724,1
4248,2026-03-19 01:27:46.588600,New Sukkur Township,69.84340158141097,2.622101796725356,,,,21.465679650694916,69.1907585286201,1
4969,2026-03-19 01:27:46.588600,Old Sukkur City,74.20968163277728,3.548692528657749,,,,23.002158145962625,74.49393774460464,1
5690,2026-03-19 01:27:46.588600,Pano Aqil Town,51.46306524267663,1.3001716906351812,,,,16.719454572740013,74.51333827986238,1
6411,2026-03-19 01:27:46.588600,Rohri City,64.5255940155985,3.8686321504618904,,,,22.387887462138345,73.00305175937075,1
7132,2026-03-19 01:27:46.588600,Saleh Pat Sukkur,54.635791782842155,1.5400427035123556,,,,19.83401128199955,69.1645772980926,1
7853,2026-03-19 01:27:46.588600,Shikarpur Road Sukkur,44.96719062989926,3.1730118887604606,,,,19.087075060372626,73.02896924739639,1
8574,2026-03-19 01:27:46.588600,Sukkur Barrage Colony,66.18355787642237,2.402386330004499,,,,24.302248530221085,73.05641221326731,1
9295,2026-03-19 01:27:46.588600,Sukkur Cantt,83.49204430412684,2.1459519529444395,,,,21.40269902152803,71.4071803185277,1
10016,2026-03-19 01:27:46.588600,Sukkur City Center,81.5979131896082,4.848582730217132,,,,22.07753280857309,72.24459342310527,1
10737,2026-03-19 01:27:46.588600,Sukkur Industrial Zone,51.227440222729456,3.74861854232748,,,,19.895788184060947,64.46859890520956,1
644,2026-03-19 02:27:46.588600,Airport Road Sukkur,61.342776116518095,4.405595308571259,,,,17.466797716008095,75.11509563675409,1
1365,2026-03-19 02:27:46.588600,Ghotki District Supply,44.43728328999887,1.5868143200463105,,,,18.134740499347462,72.10660225980801,1
2086,2026-03-19 02:27:46.588600,Lab-e-Mehran,47.0589978976433,1.6901926564791527,,,,21.13934397045828,71.59195529648171,1
2807,2026-03-19 02:27:46.588600,Lal Shahbaz Area,59.717869430238096,1.2251593730181616,,,,15.38051772180541,75.15144807208213,1
3528,2026-03-19 02:27:46.588600,Minara Road Sukkur,65.05542415072756,4.673056478385545,,,,18.263102915453196,76.53616475033219,1
4249,2026-03-19 02:27:46.588600,New Sukkur Township,79.58406644719089,3.6193097428909264,,,,19.631463969359068,74.08612654529905,1
4970,2026-03-19 02:27:46.588600,Old Sukkur City,65.38822248082349,1.3297734464898332,,,,20.403451597757744,78.81649684219468,1
5691,2026-03-19 02:27:46.588600,Pano Aqil Town,50.394279622174594,2.273556031107107,,,,17.088670558543836,81.08087198411738,1
6412,2026-03-19 02:27:46.588600,Rohri City,68.85450891996334,2.5279401829929835,,,,21.491403021903295,85.0,1
7133,2026-03-19 02:27:46.588600,Saleh Pat Sukkur,53.09345443070233,2.8308627602176593,,,,18.322381341304588,84.82314333296034,1
7854,2026-03-19 02:27:46.588600,Shikarpur Road Sukkur,43.18197950620258,2.6993903206228596,,,,20.39078871000482,85.0,1
8575,2026-03-19 02:27:46.588600,Sukkur Barrage Colony,66.62274846337642,4.484454601149754,,,,20.236515896540574,74.43509389690007,1
9296,2026-03-19 02:27:46.588600,Sukkur Cantt,72.11340663813218,3.5670896926217335,,,,17.578670138141316,80.67186322362798,1
10017,2026-03-19 02:27:46.588600,Sukkur City Center,73.14239712291773,3.8169102238640096,,,,16.191073688190286,73.38402281104649,1
10738,2026-03-19 02:27:46.588600,Sukkur Industrial Zone,51.1826210493018,3.7179021758196975,,,,18.271579053554433,80.53956372823161,1
645,2026-03-19 03:27:46.588600,Airport Road Sukkur,63.298199914653814,4.609690410566627,,,,13.788247039369546,82.78840548221068,1
1366,2026-03-19 03:27:46.588600,Ghotki District Supply,46.76089223810098,3.376395155964711,,,,12.767376001210096,83.82718525166418,1
2087,2026-03-19 03:27:46.588600,Lab-e-Mehran,47.19433016547735,2.719827776873381,,,,14.073649317111675,85.0,1
2808,2026-03-19 03:27:46.588600,Lal Shahbaz Area,63.65748026346337,2.048949524786483,,,,13.454729078744112,80.66328999457907,1
3529,2026-03-19 03:27:46.588600,Minara Road Sukkur,72.72261637711642,3.363501031064735,,,,17.67308108654255,85.0,1
4250,2026-03-19 03:27:46.588600,New Sukkur Township,78.7787873311126,4.42740109276147,,,,14.383759992049532,75.8436496676909,1
4971,2026-03-19 03:27:46.588600,Old Sukkur City,76.06286668482949,5.742454969951196,,,,14.642009526764694,79.65054593902889,1
5692,2026-03-19 03:27:46.588600,Pano Aqil Town,48.16055828312332,2.4407314833985096,,,,13.948562170855308,79.50359200813968,1
6413,2026-03-19 03:27:46.588600,Rohri City,60.583795212292074,3.7359176932486204,,,,15.438103378035336,84.79121753945024,1
7134,2026-03-19 03:27:46.588600,Saleh Pat Sukkur,52.92622739258672,2.0690556886835543,,,,15.38529618205742,85.0,1
7855,2026-03-19 03:27:46.588600,Shikarpur Road Sukkur,42.506204446211754,3.200721475323571,,,,13.98677152620771,85.0,1
8576,2026-03-19 03:27:46.588600,Sukkur Barrage Colony,62.24759672207756,1.5623957857649338,,,,11.862878936401783,79.5200815415002,1
9297,2026-03-19 03:27:46.588600,Sukkur Cantt,77.79984323934183,5.607903255721181,,,,13.74122342774108,83.13566080222448,1
10018,2026-03-19 03:27:46.588600,Sukkur City Center,67.98507519155704,3.0271659095354124,,,,11.544348876436842,85.0,1
10739,2026-03-19 03:27:46.588600,Sukkur Industrial Zone,55.11320312486211,4.237718950973667,,,,17.720872999665282,85.0,1
646,2026-03-19 04:27:46.588600,Airport Road Sukkur,64.6111872937715,3.1279964134807536,,,,9.397664606139765,85.0,1
1367,2026-03-19 04:27:46.588600,Ghotki District Supply,41.761780684327576,2.9876388652779733,,,,12.847553643095315,75.9960147033391,1
2088,2026-03-19 04:27:46.588600,Lab-e-Mehran,52.560365433613214,3.7031771176232784,,,,12.905854046506759,85.0,1
2809,2026-03-19 04:27:46.588600,Lal Shahbaz Area,64.74135608876259,3.318747671020331,,,,8.0,80.65443225178888,1
3530,2026-03-19 04:27:46.588600,Minara Road Sukkur,68.4045784814222,3.2676446223071274,,,,13.90329636614408,85.0,1
4251,2026-03-19 04:27:46.588600,New Sukkur Township,69.51568028572068,1.6191628205248632,,,,9.73179002374503,85.0,1
4972,2026-03-19 04:27:46.588600,Old Sukkur City,75.35244555763917,4.622831010449714,,,,12.052695219705035,85.0,1
5693,2026-03-19 04:27:46.588600,Pano Aqil Town,55.721026783275,3.4135235774613837,,,,10.215511955954183,85.0,1
6414,2026-03-19 04:27:46.588600,Rohri City,62.7790955839851,1.6956415906490354,,,,12.713136115747929,85.0,1
7135,2026-03-19 04:27:46.588600,Saleh Pat Sukkur,49.986470923220836,3.240830689592818,,,,10.455976973840716,85.0,1
7856,2026-03-19 04:27:46.588600,Shikarpur Road Sukkur,38.17135385533665,1.843089160415546,,,,8.216088297024577,80.32500047144525,1
8577,2026-03-19 04:27:46.588600,Sukkur Barrage Colony,72.21039235103761,3.0419505150805297,,,,9.445995785565373,82.61911146780335,1
9298,2026-03-19 04:27:46.588600,Sukkur Cantt,79.70873673038913,6.023953419453772,,,,12.104928564712436,80.99155515914605,1
10019,2026-03-19 04:27:46.588600,Sukkur City Center,77.95000387520751,5.117444415341046,,,,16.489302224542126,85.0,1
10740,2026-03-19 04:27:46.588600,Sukkur Industrial Zone,50.95314244115884,2.2248411213975094,,,,11.28102030594861,82.91006432862292,1
647,2026-03-19 05:27:46.588600,Airport Road Sukkur,67.78905074585165,4.361621632013222,,,,8.0,85.0,1
1368,2026-03-19 05:27:46.588600,Ghotki District Supply,42.49699875230036,3.1059792740428005,,,,11.395533577517163,85.0,1
2089,2026-03-19 05:27:46.588600,Lab-e-Mehran,48.23648244437773,1.9626871448889411,,,,11.448791339504481,85.0,1
2810,2026-03-19 05:27:46.588600,Lal Shahbaz Area,59.57633264058741,2.090958683486211,,,,12.828860861291469,85.0,1
3531,2026-03-19 05:27:46.588600,Minara Road Sukkur,61.35860763604512,2.7371564368785193,,,,9.543622293023608,85.0,1
4252,2026-03-19 05:27:46.588600,New Sukkur Township,72.71655169435476,4.257093240219324,,,,11.770288330386103,85.0,1
4973,2026-03-19 05:27:46.588600,Old Sukkur City,74.08505292245896,5.262046586341938,,,,10.473448941603962,85.0,1
5694,2026-03-19 05:27:46.588600,Pano Aqil Town,52.55537602969768,3.9809902816555,,,,11.488432881654246,82.73968653740073,1
6415,2026-03-19 05:27:46.588600,Rohri City,68.36716571831289,3.2900248824386593,,,,8.38390423651269,81.63900438981454,1
7136,2026-03-19 05:27:46.588600,Saleh Pat Sukkur,49.893063162168964,2.995135394155823,,,,8.660425878180893,85.0,1
7857,2026-03-19 05:27:46.588600,Shikarpur Road Sukkur,41.82592257427909,1.7666670843252674,,,,10.353598040614246,85.0,1
8578,2026-03-19 05:27:46.588600,Sukkur Barrage Colony,62.9211425702553,3.064600119862837,,,,10.621456628674569,85.0,1
9299,2026-03-19 05:27:46.588600,Sukkur Cantt,75.89417318588968,5.527219254584918,,,,11.46227642198545,85.0,1
10020,2026-03-19 05:27:46.588600,Sukkur City Center,73.4553952547674,2.1603775730990216,,,,9.874945803250531,85.0,1
10741,2026-03-19 05:27:46.588600,Sukkur Industrial Zone,48.01236681472955,2.380284268595873,,,,8.0,79.38016109290541,1
648,2026-03-19 06:27:46.588600,Airport Road Sukkur,66.24808199224708,1.5547278502157817,,,,8.891904970322413,84.24258769436139,1
1369,2026-03-19 06:27:46.588600,Ghotki District Supply,40.15180738972506,2.205797775786955,,,,8.0,82.88117504055785,1
2090,2026-03-19 06:27:46.588600,Lab-e-Mehran,58.489592012926934,2.4179711246842297,,,,8.0,85.0,1
2811,2026-03-19 06:27:46.588600,Lal Shahbaz Area,63.06070591405375,2.941097852285864,,,,8.0,85.0,1
3532,2026-03-19 06:27:46.588600,Minara Road Sukkur,67.35999229439543,2.269336495663685,,,,8.0,85.0,1
4253,2026-03-19 06:27:46.588600,New Sukkur Township,73.19417727791352,2.275400802202884,,,,8.0,81.7197295907155,1
4974,2026-03-19 06:27:46.588600,Old Sukkur City,75.5021873318563,2.064033161898664,,,,9.369483614164997,85.0,1
5695,2026-03-19 06:27:46.588600,Pano Aqil Town,55.60275325468373,2.070095638303304,,,,8.0,85.0,1
6416,2026-03-19 06:27:46.588600,Rohri City,70.57857428206358,3.354591299417424,,,,8.0,85.0,1
7137,2026-03-19 06:27:46.588600,Saleh Pat Sukkur,51.47247993513301,1.4533257226139111,,,,8.0,85.0,1
7858,2026-03-19 06:27:46.588600,Shikarpur Road Sukkur,39.12369578647832,1.7957078165803984,,,,8.0,85.0,1
8579,2026-03-19 06:27:46.588600,Sukkur Barrage Colony,67.26201554278796,2.7553650470108155,,,,8.0,85.0,1
9300,2026-03-19 06:27:46.588600,Sukkur Cantt,77.72894204029117,1.7773096559357922,,,,8.0,85.0,1
10021,2026-03-19 06:27:46.588600,Sukkur City Center,75.30901230849788,3.707398769767068,,,,10.239879998172231,85.0,1
10742,2026-03-19 06:27:46.588600,Sukkur Industrial Zone,56.12925633532023,1.9526151496405546,,,,8.0,85.0,1
649,2026-03-19 07:27:46.588600,Airport Road Sukkur,64.7496974677024,3.787357326616603,,,,8.0,85.0,1
1370,2026-03-19 07:27:46.588600,Ghotki District Supply,43.81131824608191,2.3008287318298812,,,,8.0,85.0,1
2091,2026-03-19 07:27:46.588600,Lab-e-Mehran,53.80044520213568,2.910903130670247,,,,8.0,85.0,1
2812,2026-03-19 07:27:46.588600,Lal Shahbaz Area,62.67413255883013,4.491095381251688,,,,8.0,85.0,1
3533,2026-03-19 07:27:46.588600,Minara Road Sukkur,64.3516635217922,2.234914929052096,,,,8.0,84.66732377064314,1
4254,2026-03-19 07:27:46.588600,New Sukkur Township,71.27142377248067,4.044461212703648,,,,8.0,85.0,1
4975,2026-03-19 07:27:46.588600,Old Sukkur City,70.42953036716136,1.8681266931362284,,,,8.0,81.1551251903837,1
5696,2026-03-19 07:27:46.588600,Pano Aqil Town,52.93430209808962,4.116286238359944,,,,8.948870336713515,85.0,1
6417,2026-03-19 07:27:46.588600,Rohri City,57.487790441317564,3.749133984067428,,,,8.0,85.0,1
7138,2026-03-19 07:27:46.588600,Saleh Pat Sukkur,45.71948070284419,2.231261407612252,,,,8.0,85.0,1
7859,2026-03-19 07:27:46.588600,Shikarpur Road Sukkur,42.95274421660716,3.117776021623385,,,,8.0,85.0,1
8580,2026-03-19 07:27:46.588600,Sukkur Barrage Colony,69.0532214732457,3.9696558818120256,,,,8.0,85.0,1
9301,2026-03-19 07:27:46.588600,Sukkur Cantt,79.68116634180382,5.400201421602822,,,,9.27156801764827,85.0,1
10022,2026-03-19 07:27:46.588600,Sukkur City Center,77.19202613210287,5.824811964627549,,,,8.0,85.0,1
10743,2026-03-19 07:27:46.588600,Sukkur Industrial Zone,48.8990429808161,2.5324034310059518,,,,8.0,85.0,1
650,2026-03-19 08:27:46.588600,Airport Road Sukkur,66.95842491694499,1.7127408888531717,,,,8.0,83.97312200392255,1
1371,2026-03-19 08:27:46.588600,Ghotki District Supply,43.22615665968746,2.1672329274451227,,,,8.0,85.0,1
2092,2026-03-19 08:27:46.588600,Lab-e-Mehran,44.68906170583974,1.1531481948547506,,,,8.0,85.0,1
2813,2026-03-19 08:27:46.588600,Lal Shahbaz Area,71.08649991541932,1.5168077552621613,,,,8.34164219172141,78.0369027877541,1
3534,2026-03-19 08:27:46.588600,Minara Road Sukkur,72.88813442830867,5.037071769163252,,,,8.0,85.0,1
4255,2026-03-19 08:27:46.588600,New Sukkur Township,78.94405217065177,4.854495423681557,,,,8.0,85.0,1
4976,2026-03-19 08:27:46.588600,Old Sukkur City,68.69805205639203,4.122217254261634,,,,8.0,85.0,1
5697,2026-03-19 08:27:46.588600,Pano Aqil Town,55.94101046108957,1.6234473545403698,,,,8.0,83.56674773911416,1
6418,2026-03-19 08:27:46.588600,Rohri City,69.41390301821647,3.9739939184577886,,,,8.41821194303342,85.0,1
7139,2026-03-19 08:27:46.588600,Saleh Pat Sukkur,49.6766155768678,3.1931615286398847,,,,8.268899376837249,80.25293034683409,1
7860,2026-03-19 08:27:46.588600,Shikarpur Road Sukkur,44.273129103861656,2.8471726345028427,,,,8.0,85.0,1
8581,2026-03-19 08:27:46.588600,Sukkur Barrage Colony,66.84551223672968,2.2407035905292325,,,,8.0,85.0,1
9302,2026-03-19 08:27:46.588600,Sukkur Cantt,74.8226611689437,4.343139579248764,,,,8.0,85.0,1
10023,2026-03-19 08:27:46.588600,Sukkur City Center,77.7387378429254,2.8410244274470973,,,,8.0,80.81838365602472,1
10744,2026-03-19 08:27:46.588600,Sukkur Industrial Zone,49.78811574393048,1.7871147186607297,,,,8.0,85.0,1
651,2026-03-19 09:27:46.588600,Airport Road Sukkur,68.52374930402046,5.3965305576497515,,,,8.0,77.91114537027086,1
1372,2026-03-19 09:27:46.588600,Ghotki District Supply,40.58911627934652,1.5795360597943393,,,,8.0,83.20242959458338,1
2093,2026-03-19 09:27:46.588600,Lab-e-Mehran,51.20286848867012,4.061905857905389,,,,8.0,85.0,1
2814,2026-03-19 09:27:46.588600,Lal Shahbaz Area,64.37728428098488,3.784533443672073,,,,8.0,78.14609310873776,1
3535,2026-03-19 09:27:46.588600,Minara Road Sukkur,63.928236064739224,3.485756367859164,,,,9.51664162994194,77.35738884828247,1
4256,2026-03-19 09:27:46.588600,New Sukkur Township,74.7969567746432,3.1132719426988196,,,,8.0,81.61667768967554,1
4977,2026-03-19 09:27:46.588600,Old Sukkur City,77.06630412698631,1.8386545091170343,,,,8.0,80.95472753933409,1
5698,2026-03-19 09:27:46.588600,Pano Aqil Town,53.46388334378654,1.8268465194732937,,,,8.0,83.04256659979649,1
6419,2026-03-19 09:27:46.588600,Rohri City,62.34197254198068,3.9767930144541954,,,,8.0,80.55013101520285,1
7140,2026-03-19 09:27:46.588600,Saleh Pat Sukkur,56.241684545896135,3.499118834077179,,,,8.0,85.0,1
7861,2026-03-19 09:27:46.588600,Shikarpur Road Sukkur,38.45524484891445,2.133313073881666,,,,8.0,76.86699817692298,1
8582,2026-03-19 09:27:46.588600,Sukkur Barrage Colony,72.85374666855073,5.051547958891415,,,,8.0,80.90355734456047,1
9303,2026-03-19 09:27:46.588600,Sukkur Cantt,75.00273271574298,1.8878358025148572,,,,8.0,83.28118759017245,1
10024,2026-03-19 09:27:46.588600,Sukkur City Center,76.61018320417399,2.9994506292035346,,,,10.826931444034209,78.72510677742626,1
10745,2026-03-19 09:27:46.588600,Sukkur Industrial Zone,55.269984037524196,1.1060606047729304,,,,8.693460669138531,85.0,1
652,2026-03-19 10:27:46.588600,Airport Road Sukkur,75.62672467270285,3.041571806516251,,,,8.0,64.2916127010377,1
1373,2026-03-19 10:27:46.588600,Ghotki District Supply,50.74599504152903,1.160617216629784,,,,8.0,69.00539722051515,1
2094,2026-03-19 10:27:46.588600,Lab-e-Mehran,66.70537367114324,1.36814341370407,,,,8.0,77.73624857359991,1
2815,2026-03-19 10:27:46.588600,Lal Shahbaz Area,83.30542919759992,5.127101880554017,,,,8.0,78.01742484849565,1
3536,2026-03-19 10:27:46.588600,Minara Road Sukkur,78.33212588792338,3.361026274256446,,,,13.652772077566315,78.14852918841646,1
4257,2026-03-19 10:27:46.588600,New Sukkur Township,87.50757652719562,3.514141661066506,,,,8.0,75.3462982211257,1
4978,2026-03-19 10:27:46.588600,Old Sukkur City,92.70911780141759,4.309443582510928,,,,8.0,76.27569402312169,1
5699,2026-03-19 10:27:46.588600,Pano Aqil Town,63.89226444536612,2.562465198258545,,,,8.0,77.1590620295356,1
6420,2026-03-19 10:27:46.588600,Rohri City,80.17598019441128,1.742324251102851,,,,8.0,76.02112281468838,1
7141,2026-03-19 10:27:46.588600,Saleh Pat Sukkur,64.36585642018518,2.981753226331976,,,,8.0,73.37715168565968,1
7862,2026-03-19 10:27:46.588600,Shikarpur Road Sukkur,46.56487003226563,1.7459685466945276,,,,8.0,79.508978200719,1
8583,2026-03-19 10:27:46.588600,Sukkur Barrage Colony,81.9053134293932,6.292230911715745,,,,8.0,78.60300118938433,1
9304,2026-03-19 10:27:46.588600,Sukkur Cantt,91.75402114680746,4.790171712211937,,,,11.060816987763097,80.16979876302625,1
10025,2026-03-19 10:27:46.588600,Sukkur City Center,89.46688610145698,4.6340586507620705,,,,8.0,77.26833899955835,1
10746,2026-03-19 10:27:46.588600,Sukkur Industrial Zone,60.0490094396941,4.2941812737609,,,,8.580279078262034,85.0,1
653,2026-03-19 11:27:46.588600,Airport Road Sukkur,89.50313336027857,3.593034823571335,,,,12.241502998935987,78.78370142314456,1
1374,2026-03-19 11:27:46.588600,Ghotki District Supply,57.575909688935624,2.2855193027910863,,,,9.166463909660173,77.66144854038181,1
2095,2026-03-19 11:27:46.588600,Lab-e-Mehran,68.69478776088992,3.9767404677020095,,,,8.0,68.44257298703222,1
2816,2026-03-19 11:27:46.588600,Lal Shahbaz Area,93.13545711956505,4.227177650340333,,,,9.695701693130527,67.55843747284506,1
3537,2026-03-19 11:27:46.588600,Minara Road Sukkur,89.8037956463566,5.937155601168046,,,,9.63332242481946,69.38446404200101,1
4258,2026-03-19 11:27:46.588600,New Sukkur Township,97.46640885610655,5.020766655944437,,,,11.281487856097836,72.521603543688,1
4979,2026-03-19 11:27:46.588600,Old Sukkur City,100.98740504548564,5.197889975320045,,,,8.382297481765004,77.687611953531,1
5700,2026-03-19 11:27:46.588600,Pano Aqil Town,67.37691489175566,4.449089006903387,,,,11.481741415069148,61.423819410051856,1
6421,2026-03-19 11:27:46.588600,Rohri City,86.27278203821848,6.44256631404143,,,,11.762352719416722,70.72545466990734,1
7142,2026-03-19 11:27:46.588600,Saleh Pat Sukkur,76.32487967691613,3.0944408452199093,,,,8.939595786216087,73.77000626271416,1
7863,2026-03-19 11:27:46.588600,Shikarpur Road Sukkur,55.433924152601975,3.5670236854259842,,,,10.371457654283843,63.43976496599305,1
8584,2026-03-19 11:27:46.588600,Sukkur Barrage Colony,82.45903534226065,3.3319506596438324,,,,8.0,75.79445813352046,1
9305,2026-03-19 11:27:46.588600,Sukkur Cantt,98.83134470761227,2.495302750074093,,,,8.0,69.43009769707903,1
10026,2026-03-19 11:27:46.588600,Sukkur City Center,95.72200585408102,7.417768736607572,,,,8.486948752929532,73.79616307545943,1
10747,2026-03-19 11:27:46.588600,Sukkur Industrial Zone,67.50561509483137,2.130454441011663,,,,8.557547917861458,57.19401657518416,1
654,2026-03-19 12:27:46.588600,Airport Road Sukkur,91.9349405747581,4.91215570412539,,,,10.421865751337455,69.21865916176087,1
1375,2026-03-19 12:27:46.588600,Ghotki District Supply,55.96017132384697,3.6492124478898127,,,,8.0,70.64269294299186,1
2096,2026-03-19 12:27:46.588600,Lab-e-Mehran,71.22213714162875,5.627165448747871,,,,10.96557655112551,71.49777920352246,1
2817,2026-03-19 12:27:46.588600,Lal Shahbaz Area,95.45888852949305,2.020943390679568,,,,13.455502429226165,67.28637042489827,1
3538,2026-03-19 12:27:46.588600,Minara Road Sukkur,83.63576368077075,4.5690965791309095,,,,13.547145232776307,60.22266251285632,1
4259,2026-03-19 12:27:46.588600,New Sukkur Township,104.68810228474416,5.095795849297608,,,,12.052567161451142,57.51102669790704,1
4980,2026-03-19 12:27:46.588600,Old Sukkur City,100.75633049900088,4.587011471145987,,,,12.2896724091706,72.98216607836218,1
5701,2026-03-19 12:27:46.588600,Pano Aqil Town,72.89138846671449,2.7965703920391145,,,,10.777745033846191,67.07311578421407,1
6422,2026-03-19 12:27:46.588600,Rohri City,83.50221367057114,3.178835095106979,,,,8.0,69.4603289138204,1
7143,2026-03-19 12:27:46.588600,Saleh Pat Sukkur,69.03843523296635,4.7506245337686,,,,11.86132782449906,63.527921609193854,1
7864,2026-03-19 12:27:46.588600,Shikarpur Road Sukkur,50.74190706201628,3.3869040288902705,,,,13.187011324368362,62.64260411825961,1
8585,2026-03-19 12:27:46.588600,Sukkur Barrage Colony,87.25634903752376,5.892371735625708,,,,13.303723543171058,60.71291816124459,1
9306,2026-03-19 12:27:46.588600,Sukkur Cantt,102.31130124411277,5.576380583833675,,,,15.095733470254846,59.481853687624316,1
10027,2026-03-19 12:27:46.588600,Sukkur City Center,106.31867522153775,5.213599831496217,,,,8.404298231383518,59.126583471110735,1
10748,2026-03-19 12:27:46.588600,Sukkur Industrial Zone,70.36944427718454,1.4452840010907693,,,,14.313509804474391,64.47186809101204,1
655,2026-03-19 13:27:46.588600,Airport Road Sukkur,61.49313442846409,1.2485794026924886,,,,15.119925323821164,63.22555212909691,1
1376,2026-03-19 13:27:46.588600,Ghotki District Supply,37.70080537799719,1.0613238009499575,,,,16.95275185093171,48.473181526523426,1
2097,2026-03-19 13:27:46.588600,Lab-e-Mehran,46.16649585219225,2.860634310388511,,,,13.393108248312323,57.204480581728575,1
2818,2026-03-19 13:27:46.588600,Lal Shahbaz Area,67.3833962205296,3.0044482313826912,,,,16.044064323042388,56.899226081721515,1
3539,2026-03-19 13:27:46.588600,Minara Road Sukkur,64.72165196561205,3.981093423538889,,,,11.466584385575102,58.33927131423988,1
4260,2026-03-19 13:27:46.588600,New Sukkur Township,76.07940184154621,2.2268162982716513,,,,13.71968529711373,59.94819946627154,1
4981,2026-03-19 13:27:46.588600,Old Sukkur City,80.53367135907646,2.986672347932014,,,,12.473114312767363,65.5650880833082,1
5702,2026-03-19 13:27:46.588600,Pano Aqil Town,52.62015262105135,2.4879687062212428,,,,16.81777981591625,56.44428321220545,1
6423,2026-03-19 13:27:46.588600,Rohri City,71.16561770216481,1.9647572913945948,,,,17.386770422345585,56.21438934105239,1
7144,2026-03-19 13:27:46.588600,Saleh Pat Sukkur,51.45910563671555,2.1560418101618075,,,,19.19679680229461,62.040082274991214,1
7865,2026-03-19 13:27:46.588600,Shikarpur Road Sukkur,37.7658612582025,1.1170011991878517,,,,14.695732615014022,54.89613212037851,1
8586,2026-03-19 13:27:46.588600,Sukkur Barrage Colony,70.07821980373232,4.6664760855265905,,,,16.16302255347971,50.98189755882587,1
9307,2026-03-19 13:27:46.588600,Sukkur Cantt,65.31967059814684,3.8262492861667,,,,16.47275645125226,54.72947052401633,1
10028,2026-03-19 13:27:46.588600,Sukkur City Center,76.29263091001866,5.706228963094072,,,,13.4289199187323,64.25852700268005,1
10749,2026-03-19 13:27:46.588600,Sukkur Industrial Zone,53.70798499152474,2.4584022823236995,,,,15.53027646938731,56.67557021421537,1
656,2026-03-19 14:27:46.588600,Airport Road Sukkur,62.83171845423872,2.0109660328192156,,,,13.533402933207082,57.7087339949586,1
1377,2026-03-19 14:27:46.588600,Ghotki District Supply,39.486287619118144,1.84853949255535,,,,16.032940553070485,48.14510698311618,1
2098,2026-03-19 14:27:46.588600,Lab-e-Mehran,52.49614445520782,1.1960976219048043,,,,22.3124884856437,52.1166463206151,1
2819,2026-03-19 14:27:46.588600,Lal Shahbaz Area,60.78003297247822,1.5676444016398208,,,,16.864760919725118,48.991002516498895,1
3540,2026-03-19 14:27:46.588600,Minara Road Sukkur,53.811293819073065,1.843571839866227,,,,17.59060635014591,57.888323989001464,1
4261,2026-03-19 14:27:46.588600,New Sukkur Township,82.4843531087415,3.6015108740224444,,,,17.42242305949859,55.444202235197835,1
4982,2026-03-19 14:27:46.588600,Old Sukkur City,84.46243449622695,3.810813663570109,,,,15.903104505425622,44.52245207534999,1
5703,2026-03-19 14:27:46.588600,Pano Aqil Town,51.009607345162955,3.8874386107469485,,,,17.707755831157588,51.61393256860932,1
6424,2026-03-19 14:27:46.588600,Rohri City,68.70424281416174,2.4306047672173503,,,,17.78685894911505,57.924739470652455,1
7145,2026-03-19 14:27:46.588600,Saleh Pat Sukkur,52.216008484530356,1.5904826774708811,,,,17.12835005235619,53.660262672293925,1
7866,2026-03-19 14:27:46.588600,Shikarpur Road Sukkur,42.97686492756655,2.5323800191048105,,,,16.73601708009608,54.059302706080594,1
8587,2026-03-19 14:27:46.588600,Sukkur Barrage Colony,66.19165211421948,2.469533813178076,,,,18.664415627642747,49.89600889987013,1
9308,2026-03-19 14:27:46.588600,Sukkur Cantt,78.18403240403673,6.241839308159371,,,,18.592022317938987,50.23405092632391,1
10029,2026-03-19 14:27:46.588600,Sukkur City Center,76.13716984308593,3.7736657773583095,,,,17.801689929722166,48.32886372369605,1
10750,2026-03-19 14:27:46.588600,Sukkur Industrial Zone,57.61673650648716,4.041980505783413,,,,18.036530728245225,52.42807613074173,1
657,2026-03-19 15:27:46.588600,Airport Road Sukkur,64.80043289520911,3.0463905349882565,,,,23.72425784997827,53.73194033735566,1
1378,2026-03-19 15:27:46.588600,Ghotki District Supply,48.17501871601292,3.5793921893302145,,,,21.795822040493118,46.37139962509995,1
2099,2026-03-19 15:27:46.588600,Lab-e-Mehran,50.42516584365803,2.164607096247994,,,,25.313956581936523,49.7754705492989,1
2820,2026-03-19 15:27:46.588600,Lal Shahbaz Area,65.88357725116008,3.5999675343104256,,,,20.641574749432994,50.04557046200013,1
3541,2026-03-19 15:27:46.588600,Minara Road Sukkur,66.31183864814167,5.029039474458342,,,,21.15766698231764,61.9929389409503,1
4262,2026-03-19 15:27:46.588600,New Sukkur Township,67.77069962399821,3.281040072074283,,,,20.780930724583616,43.362827375424345,1
4983,2026-03-19 15:27:46.588600,Old Sukkur City,81.81601470837343,2.311379282238165,,,,20.577674262129815,48.27441935986683,1
5704,2026-03-19 15:27:46.588600,Pano Aqil Town,44.91262339575591,2.098209848651618,,,,20.828682146466686,50.33526339543833,1
6425,2026-03-19 15:27:46.588600,Rohri City,65.57242751793989,3.853866076537162,,,,20.98362603913422,48.519972203313955,1
7146,2026-03-19 15:27:46.588600,Saleh Pat Sukkur,50.59512599198682,1.5989191701176828,,,,17.30430595041029,35.0,1
7867,2026-03-19 15:27:46.588600,Shikarpur Road Sukkur,45.64508347607784,1.7234916491244203,,,,22.243847001082937,42.57868172842474,1
8588,2026-03-19 15:27:46.588600,Sukkur Barrage Colony,72.51951378974476,4.967186761692962,,,,21.61003999842146,49.50563605143566,1
9309,2026-03-19 15:27:46.588600,Sukkur Cantt,78.86743527687483,3.2214611447776016,,,,20.51208852115368,46.34212946533253,1
10030,2026-03-19 15:27:46.588600,Sukkur City Center,76.72639756972414,5.067639677316181,,,,20.836789364987244,57.14356026279051,1
10751,2026-03-19 15:27:46.588600,Sukkur Industrial Zone,50.3146101465665,2.59084183584267,,,,21.45057156037821,37.25669303101149,1
658,2026-03-19 16:27:46.588600,Airport Road Sukkur,63.12917940507783,1.7544870681709146,,,,20.955094579793354,45.36945595932261,1
1379,2026-03-19 16:27:46.588600,Ghotki District Supply,41.861121997272356,1.9502598765538934,,,,23.933189869612153,38.80043424281931,1
2100,2026-03-19 16:27:46.588600,Lab-e-Mehran,50.48593376001782,3.4588581225049606,,,,22.57923523559182,42.40555585298219,1
2821,2026-03-19 16:27:46.588600,Lal Shahbaz Area,64.30022979909717,3.28552517715536,,,,23.681676273768915,35.0,1
3542,2026-03-19 16:27:46.588600,Minara Road Sukkur,59.08479584639047,1.8971023026238278,,,,22.144178394922935,43.084456955335845,1
4263,2026-03-19 16:27:46.588600,New Sukkur Township,74.45289874561824,3.1572183297343113,,,,19.314177263784913,41.44649588598533,1
4984,2026-03-19 16:27:46.588600,Old Sukkur City,80.04582686263588,2.730926935933506,,,,28.419524613774676,41.98085038301126,1
5705,2026-03-19 16:27:46.588600,Pano Aqil Town,51.168513340846005,3.900373193401354,,,,22.084830048525234,37.81974998947216,1
6426,2026-03-19 16:27:46.588600,Rohri City,61.214542048990204,1.9595180321641927,,,,23.064802505241563,52.697388410452675,1
7147,2026-03-19 16:27:46.588600,Saleh Pat Sukkur,56.442915036908445,1.515090964509536,,,,22.46337717528473,45.98694256839058,1
7868,2026-03-19 16:27:46.588600,Shikarpur Road Sukkur,39.91730814451071,0.8577727715261911,,,,20.320782013737567,41.72179837348224,1
8589,2026-03-19 16:27:46.588600,Sukkur Barrage Colony,67.49400350872327,2.4641784933593396,,,,22.270604324815338,50.27879582937143,1
9310,2026-03-19 16:27:46.588600,Sukkur Cantt,78.1008820980893,5.833902897242684,,,,26.72003779407552,46.61518539898175,1
10031,2026-03-19 16:27:46.588600,Sukkur City Center,73.89410421752422,3.0916084017367407,,,,24.41353256487247,43.66741059500782,1
10752,2026-03-19 16:27:46.588600,Sukkur Industrial Zone,48.2415252938109,1.5068029810950205,,,,25.581367391776134,38.743540663751375,1
659,2026-03-19 17:27:46.588600,Airport Road Sukkur,67.70961956194243,1.9216703019994366,,,,20.275444095167867,40.4983053281951,1
1380,2026-03-19 17:27:46.588600,Ghotki District Supply,38.94687677627171,2.009149965947495,,,,26.943600513082025,40.840557478474416,1
2101,2026-03-19 17:27:46.588600,Lab-e-Mehran,51.660240439194176,1.5631265313599398,,,,25.878478582658474,38.948336849361866,1
2822,2026-03-19 17:27:46.588600,Lal Shahbaz Area,56.46438123174629,4.285115931560621,,,,30.913244813288223,46.34172314317782,1
3543,2026-03-19 17:27:46.588600,Minara Road Sukkur,64.24771942425467,3.657930449942248,,,,26.15168505748655,49.32296076315242,1
4264,2026-03-19 17:27:46.588600,New Sukkur Township,74.10497017183572,4.557984977395783,,,,24.928293966392978,37.14653115608153,1
4985,2026-03-19 17:27:46.588600,Old Sukkur City,80.94926832404975,5.103766354262984,,,,27.995733529433096,43.987161197632055,1
5706,2026-03-19 17:27:46.588600,Pano Aqil Town,55.75670634701866,1.6392348959973622,,,,28.420695771610628,41.367752799340344,1
6427,2026-03-19 17:27:46.588600,Rohri City,57.13272112035026,1.586397257319192,,,,25.273883376918864,47.671611851488535,1
7148,2026-03-19 17:27:46.588600,Saleh Pat Sukkur,49.3446053183061,1.780031145222796,,,,26.978206759518446,45.77227113289792,1
7869,2026-03-19 17:27:46.588600,Shikarpur Road Sukkur,42.71074914700575,3.279303269657036,,,,23.96346136697458,42.2691884570407,1
8590,2026-03-19 17:27:46.588600,Sukkur Barrage Colony,56.94519972768163,2.4399906829283196,,,,29.32528764687387,37.472225324953435,1
9311,2026-03-19 17:27:46.588600,Sukkur Cantt,73.97513806237329,4.517336409900729,,,,23.326769855993994,41.669662083048124,1
10032,2026-03-19 17:27:46.588600,Sukkur City Center,74.9326892393729,5.219586410895184,,,,26.917762521982212,44.5323466043329,1
10753,2026-03-19 17:27:46.588600,Sukkur Industrial Zone,51.41755081692162,3.3592010150145404,,,,27.07299027558274,46.37968088479177,1
660,2026-03-19 18:27:46.588600,Airport Road Sukkur,58.96032410075457,2.215693878911876,,,,27.783387037134307,40.193453969342556,1
1381,2026-03-19 18:27:46.588600,Ghotki District Supply,40.24186252248434,1.7408750965798139,,,,30.415906515093443,35.0,1
2102,2026-03-19 18:27:46.588600,Lab-e-Mehran,51.27401113303861,1.5229485533318388,,,,32.30397294249806,37.08815575611041,1
2823,2026-03-19 18:27:46.588600,Lal Shahbaz Area,66.4687339917018,2.001333031180639,,,,31.056252748505653,39.61024208685463,1
3544,2026-03-19 18:27:46.588600,Minara Road Sukkur,62.300473239000425,4.703526601431559,,,,30.882980676120052,36.68354007353949,1
4265,2026-03-19 18:27:46.588600,New Sukkur Township,76.8804384580294,5.488958004687961,,,,28.148153308990345,43.05074517270503,1
4986,2026-03-19 18:27:46.588600,Old Sukkur City,70.17137207600378,2.019674838074564,,,,26.213415776925785,38.287891623274255,1
5707,2026-03-19 18:27:46.588600,Pano Aqil Town,50.76984107708731,3.449894563339737,,,,27.32318583921562,36.98092582037925,1
6428,2026-03-19 18:27:46.588600,Rohri City,64.30562786036018,1.6629834973545308,,,,28.7926925656304,36.97430184078196,1
7149,2026-03-19 18:27:46.588600,Saleh Pat Sukkur,52.24739617454806,3.3628908938936544,,,,29.181567448854754,48.189811000490074,1
7870,2026-03-19 18:27:46.588600,Shikarpur Road Sukkur,37.835798391358644,2.738528178787123,,,,26.532636438957702,40.2651545557619,1
8591,2026-03-19 18:27:46.588600,Sukkur Barrage Colony,70.76544912507067,4.324914214541531,,,,25.4568135649422,44.57895801694816,1
9312,2026-03-19 18:27:46.588600,Sukkur Cantt,76.87357180514431,3.1392545647401398,,,,32.62293710305592,41.78854463132626,1
10033,2026-03-19 18:27:46.588600,Sukkur City Center,81.53191824969772,2.5476950044705364,,,,24.45336126776702,44.12579545084888,1
10754,2026-03-19 18:27:46.588600,Sukkur Industrial Zone,48.75115857776689,3.333911026815798,,,,26.42025577575076,38.54650003244132,1
661,2026-03-19 19:27:46.588600,Airport Road Sukkur,82.64939878735989,5.599123337507299,,,,29.783889160211885,51.03800487048231,1
1382,2026-03-19 19:27:46.588600,Ghotki District Supply,50.63330923857978,3.0723475579077566,,,,32.28193077227199,41.87632171186427,1
2103,2026-03-19 19:27:46.588600,Lab-e-Mehran,60.01104662167071,4.3088099086046645,,,,30.9306626998474,47.538004848833594,1
2824,2026-03-19 19:27:46.588600,Lal Shahbaz Area,77.40689457763342,2.9504275502724098,,,,31.96114952447885,40.96262007715294,1
3545,2026-03-19 19:27:46.588600,Minara Road Sukkur,81.2621048045216,4.02434649316816,,,,22.896704405267656,43.53496240920279,1
4266,2026-03-19 19:27:46.588600,New Sukkur Township,84.23688846355715,2.1246657338110944,,,,29.42609265927967,50.148295551670074,1
4987,2026-03-19 19:27:46.588600,Old Sukkur City,86.88609030881797,2.0934533827397073,,,,27.141152253375623,39.53282692495998,1
5708,2026-03-19 19:27:46.588600,Pano Aqil Town,56.38446505002358,3.9591931565997207,,,,29.14456270716762,41.865442746996436,1
6429,2026-03-19 19:27:46.588600,Rohri City,78.71117893877391,2.384433805108931,,,,29.669654208237624,41.100833499894456,1
7150,2026-03-19 19:27:46.588600,Saleh Pat Sukkur,63.318229461785066,3.75828698126069,,,,29.170682029829532,41.23483522368767,1
7871,2026-03-19 19:27:46.588600,Shikarpur Road Sukkur,53.540870064334364,3.143781831307053,,,,27.849069414366625,41.1919034780154,1
8592,2026-03-19 19:27:46.588600,Sukkur Barrage Colony,74.51487523845698,1.8643578231591122,,,,29.57441741484378,47.55363967686336,1
9313,2026-03-19 19:27:46.588600,Sukkur Cantt,90.48421595339282,4.37120498493859,,,,34.92276818539867,40.510566392516495,1
10034,2026-03-19 19:27:46.588600,Sukkur City Center,83.21861413448515,2.1818096172906194,,,,30.23141042072052,42.57394286880711,1
10755,2026-03-19 19:27:46.588600,Sukkur Industrial Zone,68.86516793752344,2.635230495568198,,,,27.68446953975756,35.36583170048598,1
662,2026-03-19 20:27:46.588600,Airport Road Sukkur,80.98719049215349,5.265887958342597,,,,27.299325231119983,45.96774885445451,1
1383,2026-03-19 20:27:46.588600,Ghotki District Supply,64.3681265942317,2.279534909073999,,,,26.578770946947007,43.878725311691085,1
2104,2026-03-19 20:27:46.588600,Lab-e-Mehran,74.04114712362264,4.9961915394539265,,,,31.52989683513639,44.47438547860067,1
2825,2026-03-19 20:27:46.588600,Lal Shahbaz Area,85.9895949030942,5.429553689164738,,,,28.296322666272303,42.74728334858294,1
3546,2026-03-19 20:27:46.588600,Minara Road Sukkur,91.14183290982206,2.1211503711244033,,,,33.07468314577205,39.32761233674741,1
4267,2026-03-19 20:27:46.588600,New Sukkur Township,96.03573563355653,5.065743963140346,,,,32.170054995574375,42.383906931590126,1
4988,2026-03-19 20:27:46.588600,Old Sukkur City,94.98642693073462,2.1304712992515964,,,,25.19087609881304,47.52655877916434,1
5709,2026-03-19 20:27:46.588600,Pano Aqil Town,73.66677950688343,2.8892537524857613,,,,26.820693782011585,42.70088256301078,1
6430,2026-03-19 20:27:46.588600,Rohri City,85.55638311003908,4.82847838347402,,,,28.434058841879594,44.51290026954723,1
7151,2026-03-19 20:27:46.588600,Saleh Pat Sukkur,73.71195188893682,3.531805452081202,,,,28.946550343552456,49.15606159664213,1
7872,2026-03-19 20:27:46.588600,Shikarpur Road Sukkur,56.84455576663682,2.1432561345333143,,,,36.60005805917835,41.04102944470219,1
8593,2026-03-19 20:27:46.588600,Sukkur Barrage Colony,93.57142776145585,3.816477798396542,,,,29.265462632700125,41.81199952852556,1
9314,2026-03-19 20:27:46.588600,Sukkur Cantt,100.27721284801017,3.6133798128076053,,,,31.32932549916831,43.11636449421645,1
10035,2026-03-19 20:27:46.588600,Sukkur City Center,98.84803093952284,6.853340289462933,,,,24.943449427181655,44.6128880993644,1
10756,2026-03-19 20:27:46.588600,Sukkur Industrial Zone,70.711656659014,4.816957386412816,,,,24.99525689826252,46.26567693658817,1
663,2026-03-19 21:27:46.588600,Airport Road Sukkur,89.12864149799678,4.0928983801120795,,,,28.824893506976867,41.45746003863722,1
1384,2026-03-19 21:27:46.588600,Ghotki District Supply,62.34837958330062,4.539831714488793,,,,29.816051629183477,48.99134559292473,1
2105,2026-03-19 21:27:46.588600,Lab-e-Mehran,65.67773572187446,2.2785575736398798,,,,30.00747501459858,44.71595659043288,1
2826,2026-03-19 21:27:46.588600,Lal Shahbaz Area,94.74247738396475,7.249111302702955,,,,33.3373278513927,37.02076061366039,1
3547,2026-03-19 21:27:46.588600,Minara Road Sukkur,88.74375814888698,5.383048959522419,,,,26.073942029694628,46.11154913576983,1
4268,2026-03-19 21:27:46.588600,New Sukkur Township,95.4418614329088,2.478170478789171,,,,31.67481015354128,46.25093720139133,1
4989,2026-03-19 21:27:46.588600,Old Sukkur City,108.293287265178,3.0202085634418205,,,,29.131107094304557,49.18544476076716,1
5710,2026-03-19 21:27:46.588600,Pano Aqil Town,70.59383929391814,2.759575595517355,,,,27.695248635655208,46.63720880957234,1
6431,2026-03-19 21:27:46.588600,Rohri City,90.47061477609061,6.849314965263285,,,,30.03190439816947,43.31822363368413,1
7152,2026-03-19 21:27:46.588600,Saleh Pat Sukkur,72.21002998867489,2.6048936622330245,,,,29.43933306685457,44.37062718633848,1
7873,2026-03-19 21:27:46.588600,Shikarpur Road Sukkur,70.81435587738274,1.8329905559423125,,,,28.63312873988044,55.37185032486072,1
8594,2026-03-19 21:27:46.588600,Sukkur Barrage Colony,94.00342710950402,5.213633568075282,,,,29.811195506581534,41.02939597685179,1
9315,2026-03-19 21:27:46.588600,Sukkur Cantt,109.18986215825245,4.075826045239131,,,,28.966028994863954,37.2347152669353,1
10036,2026-03-19 21:27:46.588600,Sukkur City Center,108.59443810174238,7.352949178892412,,,,28.166695415392155,54.34945994182288,1
10757,2026-03-19 21:27:46.588600,Sukkur Industrial Zone,73.16333786226167,5.789772160979597,,,,31.50114249699186,42.246940843723486,1
664,2026-03-19 22:27:46.588600,Airport Road Sukkur,64.85244073029786,1.746705171287573,,,,33.0126711881592,49.8233055256301,1
1385,2026-03-19 22:27:46.588600,Ghotki District Supply,45.85388610426777,2.87866625661866,,,,26.02683261471146,45.067861632441016,1
2106,2026-03-19 22:27:46.588600,Lab-e-Mehran,48.73637407742662,1.6462871998548694,,,,25.90550170709651,60.08789360750602,1
2827,2026-03-19 22:27:46.588600,Lal Shahbaz Area,65.94229041363371,4.838976639547954,,,,30.8429910811306,53.26738045866104,1
3548,2026-03-19 22:27:46.588600,Minara Road Sukkur,68.63126498370892,4.531564125422507,,,,27.12880159705368,54.55322252631816,1
4269,2026-03-19 22:27:46.588600,New Sukkur Township,79.87864546691074,3.497278746251765,,,,28.59977192380952,55.162260321678154,1
4990,2026-03-19 22:27:46.588600,Old Sukkur City,73.4149806707453,2.6773360146807135,,,,30.061538833012143,51.51776948531509,1
5711,2026-03-19 22:27:46.588600,Pano Aqil Town,51.94763029423265,2.997463725077725,,,,30.839119297304215,51.75935597243459,1
6432,2026-03-19 22:27:46.588600,Rohri City,69.75872257306023,5.1026399744310496,,,,28.66494372701438,55.778521746805545,1
7153,2026-03-19 22:27:46.588600,Saleh Pat Sukkur,47.38270407095803,3.6930029974994008,,,,24.8680934094994,63.63671078098044,1
7874,2026-03-19 22:27:46.588600,Shikarpur Road Sukkur,42.50499621722731,2.4371835665098365,,,,28.60498931190267,51.41614965688437,1
8595,2026-03-19 22:27:46.588600,Sukkur Barrage Colony,64.09535514496972,1.298415253298215,,,,28.571015940428808,54.91721466823169,1
9316,2026-03-19 22:27:46.588600,Sukkur Cantt,76.72627312091261,2.6439318163094514,,,,28.392209327063778,60.96578968367876,1
10037,2026-03-19 22:27:46.588600,Sukkur City Center,75.97130018235264,2.039837372582436,,,,30.39496742545315,53.416687456994275,1
10758,2026-03-19 22:27:46.588600,Sukkur Industrial Zone,53.57834852011515,1.2555897586690372,,,,30.282840182128318,50.85787017604728,1
665,2026-03-19 23:27:46.588600,Airport Road Sukkur,67.87959455770576,3.11440033146288,,,,24.94815713814272,55.9701692892149,1
1386,2026-03-19 23:27:46.588600,Ghotki District Supply,47.34755015692526,1.0396035845357716,,,,28.77245649470681,55.299121882985915,1
2107,2026-03-19 23:27:46.588600,Lab-e-Mehran,51.253715678740804,1.7810821651033424,,,,26.084367947940613,54.22553587056142,1
2828,2026-03-19 23:27:46.588600,Lal Shahbaz Area,67.77236314459617,2.5473747648718277,,,,26.56196994830401,55.283118790813674,1
3549,2026-03-19 23:27:46.588600,Minara Road Sukkur,68.48406413908592,5.216825607943049,,,,27.283422833135983,53.47035049616132,1
4270,2026-03-19 23:27:46.588600,New Sukkur Township,81.61584823802721,1.8745519197545089,,,,27.701248208429785,54.23325357960264,1
4991,2026-03-19 23:27:46.588600,Old Sukkur City,72.78854184669173,4.817838342440724,,,,28.618054209481706,55.23849752843769,1
5712,2026-03-19 23:27:46.588600,Pano Aqil Town,46.129905532025,2.337526591904271,,,,31.241044978358236,58.45643712331079,1
6433,2026-03-19 23:27:46.588600,Rohri City,60.999226346663015,1.2536670274594992,,,,27.759647673709015,57.80301025964026,1
7154,2026-03-19 23:27:46.588600,Saleh Pat Sukkur,48.18636961959852,2.8022526056036945,,,,27.62520048145613,67.84439583380568,1
7875,2026-03-19 23:27:46.588600,Shikarpur Road Sukkur,39.631626764392024,3.05657527590072,,,,25.55531399746184,56.551455588711015,1
8596,2026-03-19 23:27:46.588600,Sukkur Barrage Colony,72.8329193143848,5.190069248279149,,,,26.058900385034413,63.41052141667873,1
9317,2026-03-19 23:27:46.588600,Sukkur Cantt,65.77730386375055,2.8174600605742417,,,,25.464463820135993,52.37876991115217,1
10038,2026-03-19 23:27:46.588600,Sukkur City Center,72.60949086095708,4.951104624004781,,,,23.330351643354895,56.16688116973304,1
10759,2026-03-19 23:27:46.588600,Sukkur Industrial Zone,50.98347747132811,2.2579352429365094,,,,27.779257326192173,54.146960829042136,1
666,2026-03-20 00:27:46.588600,Airport Road Sukkur,63.4948105414054,3.914166006275836,,,,23.987196412167318,70.49077793489225,1
1387,2026-03-20 00:27:46.588600,Ghotki District Supply,52.42617289790564,4.022535597301799,,,,23.706852069711903,70.89425629324407,1
2108,2026-03-20 00:27:46.588600,Lab-e-Mehran,51.0539984945456,1.9255182379922389,,,,25.869166888485505,61.69665500697563,1
2829,2026-03-20 00:27:46.588600,Lal Shahbaz Area,64.0649344800444,2.7040567916661327,,,,23.775736595530883,56.81279404853703,1
3550,2026-03-20 00:27:46.588600,Minara Road Sukkur,65.71798412807601,4.541984810692189,,,,22.965613264126684,64.13139937100142,1
4271,2026-03-20 00:27:46.588600,New Sukkur Township,78.55564887694027,5.15254013298172,,,,23.137494238784942,62.997449956114615,1
4992,2026-03-20 00:27:46.588600,Old Sukkur City,71.86936245089883,2.903729661504654,,,,23.051678996876642,59.75055628780013,1
5713,2026-03-20 00:27:46.588600,Pano Aqil Town,53.33504846188924,1.1811106416419002,,,,26.61189550789466,70.38876322050311,1
6434,2026-03-20 00:27:46.588600,Rohri City,59.86835719512887,1.7632165998087999,,,,23.013860853438544,64.73880378195398,1
7155,2026-03-20 00:27:46.588600,Saleh Pat Sukkur,54.70761712676321,2.852432521144339,,,,23.997968972003633,66.3807784600127,1
7876,2026-03-20 00:27:46.588600,Shikarpur Road Sukkur,43.278929296348544,0.8847119210285166,,,,22.767172279396267,65.51157921571449,1
8597,2026-03-20 00:27:46.588600,Sukkur Barrage Colony,66.84343067376611,2.0898249810325535,,,,25.326567996525636,62.304067850428915,1
9318,2026-03-20 00:27:46.588600,Sukkur Cantt,77.65892637296825,3.487476773814947,,,,25.21548357456601,67.02353048005159,1
10039,2026-03-20 00:27:46.588600,Sukkur City Center,71.35645546566954,4.398244344488758,,,,24.821747526696345,60.640824892880154,1
10760,2026-03-20 00:27:46.588600,Sukkur Industrial Zone,47.51675650579767,3.355228117691018,,,,25.0543696847702,65.22090406515773,1
667,2026-03-20 01:27:46.588600,Airport Road Sukkur,62.70308916272698,4.445383198014787,,,,20.590955447514304,72.3002990049264,1
1388,2026-03-20 01:27:46.588600,Ghotki District Supply,44.349648302123406,3.3117627979025346,,,,21.181636548570328,76.0670283754692,1
2109,2026-03-20 01:27:46.588600,Lab-e-Mehran,52.67276319212706,3.756334617624563,,,,18.837032508588933,62.130898215605995,1
2830,2026-03-20 01:27:46.588600,Lal Shahbaz Area,65.47667210385771,2.9266755303316883,,,,19.394498784388656,66.95508727996119,1
3551,2026-03-20 01:27:46.588600,Minara Road Sukkur,66.90559761498749,2.42710148123796,,,,18.80173784702681,74.51653145846193,1
4272,2026-03-20 01:27:46.588600,New Sukkur Township,65.34407980830102,3.8993646073292973,,,,20.83878102195909,79.8628795450215,1
4993,2026-03-20 01:27:46.588600,Old Sukkur City,72.24298837687088,5.305523572217667,,,,21.034117613170267,71.5888094485833,1
5714,2026-03-20 01:27:46.588600,Pano Aqil Town,55.22869683445395,1.5420745557669508,,,,24.084044026521923,81.62388995851077,1
6435,2026-03-20 01:27:46.588600,Rohri City,58.50350714062442,1.3489396750707563,,,,21.33628223151209,69.82673583612717,1
7156,2026-03-20 01:27:46.588600,Saleh Pat Sukkur,50.34235044074759,3.9819224567326827,,,,20.606800499700764,71.99335909831058,1
7877,2026-03-20 01:27:46.588600,Shikarpur Road Sukkur,42.85663003684293,3.265720204515285,,,,22.087490146753726,65.07598277766316,1
8598,2026-03-20 01:27:46.588600,Sukkur Barrage Colony,64.18488784603048,1.6423925700927051,,,,21.622955337358167,67.76037962972138,1
9319,2026-03-20 01:27:46.588600,Sukkur Cantt,70.59310283145474,5.589296518225181,,,,23.938366376641774,70.01424437758082,1
10040,2026-03-20 01:27:46.588600,Sukkur City Center,72.69298239941217,5.553371693255745,,,,20.333954963912618,57.82336717498346,1
10761,2026-03-20 01:27:46.588600,Sukkur Industrial Zone,49.608714484970314,1.4653324335607059,,,,18.8340136341173,62.96584809113485,1
668,2026-03-20 02:27:46.588600,Airport Road Sukkur,69.35934315731348,1.4303873604131665,,,,18.31666476152088,73.9579670639063,1
1389,2026-03-20 02:27:46.588600,Ghotki District Supply,31.196124193825653,1.9575435219369515,,,,19.27949984233334,85.0,1
2110,2026-03-20 02:27:46.588600,Lab-e-Mehran,51.00022487478894,1.8992138393876672,,,,17.734205323405742,77.57000775981675,1
2831,2026-03-20 02:27:46.588600,Lal Shahbaz Area,58.82169145292186,3.575775459687933,,,,17.991118267152633,76.07701660032362,1
3552,2026-03-20 02:27:46.588600,Minara Road Sukkur,62.09378440433419,3.285310275708044,,,,17.471210667922033,82.69172364658881,1
4273,2026-03-20 02:27:46.588600,New Sukkur Township,78.98724238945562,4.860714660388126,,,,17.90854397070568,72.74516445927821,1
4994,2026-03-20 02:27:46.588600,Old Sukkur City,75.16868103980075,5.484356935500638,,,,16.527583226586238,78.53122648233399,1
5715,2026-03-20 02:27:46.588600,Pano Aqil Town,41.393995944550795,3.0738529455204375,,,,20.08910530074624,79.7324560157105,1
6436,2026-03-20 02:27:46.588600,Rohri City,63.61389534781272,3.877462038821805,,,,16.492534096345,71.54024397761785,1
7157,2026-03-20 02:27:46.588600,Saleh Pat Sukkur,48.919937378567504,1.1128588533129409,,,,17.664175922496124,75.35087908995618,1
7878,2026-03-20 02:27:46.588600,Shikarpur Road Sukkur,43.0342318698539,3.224242108879794,,,,18.973735829456732,74.14088921772981,1
8599,2026-03-20 02:27:46.588600,Sukkur Barrage Colony,61.02732957965381,1.985836693748617,,,,19.634246309750502,74.13904986954807,1
9320,2026-03-20 02:27:46.588600,Sukkur Cantt,70.98405923583245,5.062805324166762,,,,19.33786508354157,85.0,1
10041,2026-03-20 02:27:46.588600,Sukkur City Center,71.29832180770204,2.647609175249498,,,,18.539462177442136,72.9663749186094,1
10762,2026-03-20 02:27:46.588600,Sukkur Industrial Zone,50.27417637001145,3.368929338012969,,,,19.261304037289054,81.82390493532536,1
669,2026-03-20 03:27:46.588600,Airport Road Sukkur,70.07542090253862,2.4803010044581155,,,,19.211104785347832,81.22783134000723,1
1390,2026-03-20 03:27:46.588600,Ghotki District Supply,49.03434673642297,2.865862547993234,,,,12.641383546945505,81.30796280863562,1
2111,2026-03-20 03:27:46.588600,Lab-e-Mehran,55.043615513522724,2.7027354347084884,,,,14.91053002372815,74.6458554558808,1
2832,2026-03-20 03:27:46.588600,Lal Shahbaz Area,58.76433054782784,3.8179279032622317,,,,17.4766017490827,83.19072517032721,1
3553,2026-03-20 03:27:46.588600,Minara Road Sukkur,67.59269964650665,2.3254566176893445,,,,12.665639617973971,80.94966687948816,1
4274,2026-03-20 03:27:46.588600,New Sukkur Township,72.57988497651907,5.662818316366899,,,,12.963663931320346,77.0596530021258,1
4995,2026-03-20 03:27:46.588600,Old Sukkur City,76.98741402824679,4.593297120822985,,,,15.51379449861957,80.69139788133987,1
5716,2026-03-20 03:27:46.588600,Pano Aqil Town,51.35438362271749,3.970704001435789,,,,14.46258010175436,76.0233811788175,1
6437,2026-03-20 03:27:46.588600,Rohri City,66.19024753090322,4.8775934163153565,,,,12.59816187689216,83.25859147314299,1
7158,2026-03-20 03:27:46.588600,Saleh Pat Sukkur,51.33828169286367,3.8966152742887896,,,,13.943840268048369,85.0,1
7879,2026-03-20 03:27:46.588600,Shikarpur Road Sukkur,45.80788259938379,2.9355658753240976,,,,14.692244860204315,85.0,1
8600,2026-03-20 03:27:46.588600,Sukkur Barrage Colony,63.142927529015736,2.9739409307883102,,,,17.213783455595053,85.0,1
9321,2026-03-20 03:27:46.588600,Sukkur Cantt,71.63383918922882,2.7918444870723818,,,,13.111487050079447,80.76246122389315,1
10042,2026-03-20 03:27:46.588600,Sukkur City Center,71.67139363540338,5.619229762015488,,,,15.07417459705532,85.0,1
10763,2026-03-20 03:27:46.588600,Sukkur Industrial Zone,58.89542954401446,4.2215024654904445,,,,19.93510732403478,77.22255958392739,1
670,2026-03-20 04:27:46.588600,Airport Road Sukkur,68.2655602978022,3.778312631599396,,,,11.696934673643526,85.0,1
1391,2026-03-20 04:27:46.588600,Ghotki District Supply,40.72980110485411,3.1577913365569747,,,,11.348868864621949,79.01851887970298,1
2112,2026-03-20 04:27:46.588600,Lab-e-Mehran,54.46575561846442,2.49642952416585,,,,14.522702378786201,85.0,1
2833,2026-03-20 04:27:46.588600,Lal Shahbaz Area,68.38890624156001,4.578146271708699,,,,10.318058536606106,85.0,1
3554,2026-03-20 04:27:46.588600,Minara Road Sukkur,71.34834913449315,4.486104569355952,,,,13.871682517479226,85.0,1
4275,2026-03-20 04:27:46.588600,New Sukkur Township,75.90668021733906,4.006096787180765,,,,16.039015800208322,79.93951083326905,1
4996,2026-03-20 04:27:46.588600,Old Sukkur City,79.00394503356688,2.2939477277891314,,,,10.37280866000406,81.96412588136097,1
5717,2026-03-20 04:27:46.588600,Pano Aqil Town,50.01697756947838,1.0004622416565268,,,,10.8090846978056,77.3076286456309,1
6438,2026-03-20 04:27:46.588600,Rohri City,57.47821966495048,4.294739247955873,,,,10.549349477552314,85.0,1
7159,2026-03-20 04:27:46.588600,Saleh Pat Sukkur,46.98690071528767,2.520144779378721,,,,13.218535264292676,82.64038810063609,1
7880,2026-03-20 04:27:46.588600,Shikarpur Road Sukkur,39.23616593014277,1.3265951650334942,,,,15.341068498540022,85.0,1
8601,2026-03-20 04:27:46.588600,Sukkur Barrage Colony,63.92345074725076,3.70038314163381,,,,12.714094663387481,80.71244550163996,1
9322,2026-03-20 04:27:46.588600,Sukkur Cantt,70.34493901099925,2.8728805535900537,,,,14.344549594589235,85.0,1
10043,2026-03-20 04:27:46.588600,Sukkur City Center,73.42244000721503,5.498715190391565,,,,14.016506720134714,84.30971080205703,1
10764,2026-03-20 04:27:46.588600,Sukkur Industrial Zone,63.525476563157,2.203747934701305,,,,12.866625625053931,76.47201844720973,1
671,2026-03-20 05:27:46.588600,Airport Road Sukkur,73.81651840247609,3.3030285730345623,,,,10.612634670295535,85.0,1
1392,2026-03-20 05:27:46.588600,Ghotki District Supply,49.1578922653232,1.720423784571663,,,,10.162146481910334,85.0,1
2113,2026-03-20 05:27:46.588600,Lab-e-Mehran,52.76916422536861,2.428987499608968,,,,8.158329623904406,85.0,1
2834,2026-03-20 05:27:46.588600,Lal Shahbaz Area,59.9946477617173,2.540302822434111,,,,8.0,85.0,1
3555,2026-03-20 05:27:46.588600,Minara Road Sukkur,67.73203971606661,1.5584990679765032,,,,11.855775417599414,85.0,1
4276,2026-03-20 05:27:46.588600,New Sukkur Township,86.04798529875461,3.787617855258047,,,,9.108664441193179,85.0,1
4997,2026-03-20 05:27:46.588600,Old Sukkur City,70.38256902557893,1.6785138824113088,,,,8.0,85.0,1
5718,2026-03-20 05:27:46.588600,Pano Aqil Town,59.47021294820169,2.771916325917558,,,,8.0,85.0,1
6439,2026-03-20 05:27:46.588600,Rohri City,64.53963496105028,5.033537184509069,,,,10.759226416190495,85.0,1
7160,2026-03-20 05:27:46.588600,Saleh Pat Sukkur,58.78834500248758,1.3966392210271998,,,,9.76087700581178,85.0,1
7881,2026-03-20 05:27:46.588600,Shikarpur Road Sukkur,38.13743317855667,2.283592114099009,,,,9.084158321755986,85.0,1
8602,2026-03-20 05:27:46.588600,Sukkur Barrage Colony,61.550195624359304,3.6447892925284067,,,,8.0,85.0,1
9323,2026-03-20 05:27:46.588600,Sukkur Cantt,81.93733662444654,4.841615907618193,,,,13.366195373007006,85.0,1
10044,2026-03-20 05:27:46.588600,Sukkur City Center,68.54880900915718,2.6859346716479124,,,,8.028337750672948,85.0,1
10765,2026-03-20 05:27:46.588600,Sukkur Industrial Zone,54.61054126175146,3.8852540225792787,,,,8.425165146076674,85.0,1
672,2026-03-20 06:27:46.588600,Airport Road Sukkur,62.18451358600373,1.5623300728836356,,,,8.0,85.0,1
1393,2026-03-20 06:27:46.588600,Ghotki District Supply,43.25722521467973,2.7189678547226,,,,9.734785743085768,83.00652423111043,1
2114,2026-03-20 06:27:46.588600,Lab-e-Mehran,58.07682287501652,2.0493477915579557,,,,8.0,85.0,1
2835,2026-03-20 06:27:46.588600,Lal Shahbaz Area,61.37145447290104,3.836213753502334,,,,8.0,81.29260159045234,1
3556,2026-03-20 06:27:46.588600,Minara Road Sukkur,62.42499395476898,4.241533688771465,,,,8.0,81.77812872559338,1
4277,2026-03-20 06:27:46.588600,New Sukkur Township,67.09728488439971,4.80208009390466,,,,8.0,85.0,1
4998,2026-03-20 06:27:46.588600,Old Sukkur City,73.75108400129092,4.262534824561876,,,,9.908981528081029,85.0,1
5719,2026-03-20 06:27:46.588600,Pano Aqil Town,44.36561695226332,1.6335387182502803,,,,8.0,85.0,1
6440,2026-03-20 06:27:46.588600,Rohri City,62.62931420608716,2.550496857909176,,,,8.0,85.0,1
7161,2026-03-20 06:27:46.588600,Saleh Pat Sukkur,53.266354718228634,2.3987384107169114,,,,8.0,85.0,1
7882,2026-03-20 06:27:46.588600,Shikarpur Road Sukkur,40.37459916590741,2.125766548428587,,,,8.707002738611482,85.0,1
8603,2026-03-20 06:27:46.588600,Sukkur Barrage Colony,66.51592550987286,3.3166197592382978,,,,8.766338108776168,85.0,1
9324,2026-03-20 06:27:46.588600,Sukkur Cantt,71.43590653814807,2.2883138138848707,,,,8.0,84.50910955378231,1
10045,2026-03-20 06:27:46.588600,Sukkur City Center,69.73384665293881,5.4440462876372555,,,,8.0,85.0,1
10766,2026-03-20 06:27:46.588600,Sukkur Industrial Zone,50.244487786433595,2.5981702913595415,,,,8.0,85.0,1
673,2026-03-20 07:27:46.588600,Airport Road Sukkur,62.312625342875506,3.980512314957019,,,,8.0,85.0,1
1394,2026-03-20 07:27:46.588600,Ghotki District Supply,46.40744715459655,1.3841815230138783,,,,8.602649696520196,85.0,1
2115,2026-03-20 07:27:46.588600,Lab-e-Mehran,55.31069309029467,3.3609643478861475,,,,8.0,84.65148409375767,1
2836,2026-03-20 07:27:46.588600,Lal Shahbaz Area,66.50575308695602,2.064806484483472,,,,8.0,85.0,1
3557,2026-03-20 07:27:46.588600,Minara Road Sukkur,60.831016173575485,2.2452472704294775,,,,8.0,85.0,1
4278,2026-03-20 07:27:46.588600,New Sukkur Township,70.16908835399896,5.222186793875145,,,,8.0,85.0,1
4999,2026-03-20 07:27:46.588600,Old Sukkur City,74.91350531329684,4.4018020644404805,,,,8.0,85.0,1
5720,2026-03-20 07:27:46.588600,Pano Aqil Town,47.03829293652302,1.7828635038169158,,,,8.0,85.0,1
6441,2026-03-20 07:27:46.588600,Rohri City,68.29352245745848,3.6077869627746018,,,,8.0,83.6749153309526,1
7162,2026-03-20 07:27:46.588600,Saleh Pat Sukkur,47.75869893842997,1.0512896937208578,,,,8.0,85.0,1
7883,2026-03-20 07:27:46.588600,Shikarpur Road Sukkur,40.29790630543357,2.5189642264425416,,,,8.0,85.0,1
8604,2026-03-20 07:27:46.588600,Sukkur Barrage Colony,69.11974455474878,2.1612529632040167,,,,8.0,85.0,1
9325,2026-03-20 07:27:46.588600,Sukkur Cantt,73.51719825258802,3.0820560784613633,,,,8.0,82.81511259670636,1
10046,2026-03-20 07:27:46.588600,Sukkur City Center,74.53545310552988,1.4980680838173137,,,,8.0,85.0,1
10767,2026-03-20 07:27:46.588600,Sukkur Industrial Zone,54.506652361622805,3.2672562477408107,,,,8.0,80.51673954947717,1
674,2026-03-20 08:27:46.588600,Airport Road Sukkur,61.30079842249017,3.8528125881891793,,,,8.0,85.0,1
1395,2026-03-20 08:27:46.588600,Ghotki District Supply,47.80238464843866,2.5029385904584642,,,,8.0,83.76883293925422,1
2116,2026-03-20 08:27:46.588600,Lab-e-Mehran,49.094121456878995,1.976903057332709,,,,8.0,85.0,1
2837,2026-03-20 08:27:46.588600,Lal Shahbaz Area,61.61660539839688,3.67842806364138,,,,8.0,85.0,1
3558,2026-03-20 08:27:46.588600,Minara Road Sukkur,68.98359930514317,3.095008967386762,,,,8.0,85.0,1
4279,2026-03-20 08:27:46.588600,New Sukkur Township,73.05192308199186,3.5735007245765575,,,,8.14035134258808,76.7051704480884,1
5000,2026-03-20 08:27:46.588600,Old Sukkur City,71.92667950534907,2.1178563521384888,,,,9.749942550722842,85.0,1
5721,2026-03-20 08:27:46.588600,Pano Aqil Town,49.89245915090358,2.4603569643417167,,,,8.0,76.02307732262038,1
6442,2026-03-20 08:27:46.588600,Rohri City,64.53903041342419,1.3839831688822763,,,,8.379292727724094,85.0,1
7163,2026-03-20 08:27:46.588600,Saleh Pat Sukkur,51.42368969077682,2.8022041138431684,,,,8.0,83.40479482155051,1
7884,2026-03-20 08:27:46.588600,Shikarpur Road Sukkur,42.364439590487876,1.1204725252229475,,,,8.0,85.0,1
8605,2026-03-20 08:27:46.588600,Sukkur Barrage Colony,63.94836725800941,2.5556627146323856,,,,8.0,79.58528683262374,1
9326,2026-03-20 08:27:46.588600,Sukkur Cantt,70.60721077052295,2.8482691854275393,,,,8.0,82.65704743861308,1
10047,2026-03-20 08:27:46.588600,Sukkur City Center,69.43890097482678,1.5434792686863532,,,,8.0,85.0,1
10768,2026-03-20 08:27:46.588600,Sukkur Industrial Zone,51.25779551798538,3.2870457919278184,,,,8.0,84.86460209012255,1
675,2026-03-20 09:27:46.588600,Airport Road Sukkur,68.62494595132296,3.206403158412106,,,,8.0,71.0656725587006,1
1396,2026-03-20 09:27:46.588600,Ghotki District Supply,37.148172786088196,1.6768305445503324,,,,8.0,83.0301297205963,1
2117,2026-03-20 09:27:46.588600,Lab-e-Mehran,53.419604909190944,1.1379180002364566,,,,8.0,83.43958821591573,1
2838,2026-03-20 09:27:46.588600,Lal Shahbaz Area,65.62989352175848,2.0814737543977384,,,,8.0,80.92797917632794,1
3559,2026-03-20 09:27:46.588600,Minara Road Sukkur,65.52062168761722,1.6348927460362337,,,,8.22410582626212,79.16349939094157,1
4280,2026-03-20 09:27:46.588600,New Sukkur Township,72.8922949995016,2.225080047877387,,,,8.0,77.51785909647616,1
5001,2026-03-20 09:27:46.588600,Old Sukkur City,72.2759120856864,3.123263396725169,,,,8.0,83.62033611576766,1
5722,2026-03-20 09:27:46.588600,Pano Aqil Town,53.27382481267876,2.495910912839491,,,,8.0,82.79901617181973,1
6443,2026-03-20 09:27:46.588600,Rohri City,63.04927840401779,2.0908153592592003,,,,8.0,83.67788598529748,1
7164,2026-03-20 09:27:46.588600,Saleh Pat Sukkur,53.730980305925655,3.3792181439254643,,,,8.0,80.34867341417117,1
7885,2026-03-20 09:27:46.588600,Shikarpur Road Sukkur,44.40100907707764,2.3768268309705602,,,,8.0,85.0,1
8606,2026-03-20 09:27:46.588600,Sukkur Barrage Colony,65.66271739985972,2.42161635249328,,,,12.031218148689817,85.0,1
9327,2026-03-20 09:27:46.588600,Sukkur Cantt,79.05346874975746,2.559078179665236,,,,8.0,85.0,1
10048,2026-03-20 09:27:46.588600,Sukkur City Center,68.78214677178825,5.3618848735303715,,,,9.306663562086667,75.48099736498067,1
10769,2026-03-20 09:27:46.588600,Sukkur Industrial Zone,55.10188967099185,3.922462169174661,,,,8.0,77.55582968937614,1
676,2026-03-20 10:27:46.588600,Airport Road Sukkur,83.01021338811373,2.1967424277519894,,,,9.047730630144416,71.18855611028701,1
1397,2026-03-20 10:27:46.588600,Ghotki District Supply,60.16190515339269,4.800674895982598,,,,8.0,73.820197772928,1
2118,2026-03-20 10:27:46.588600,Lab-e-Mehran,62.91886377557517,2.0324099233247828,,,,8.0,72.3934885256348,1
2839,2026-03-20 10:27:46.588600,Lal Shahbaz Area,84.31774144321855,5.780769537639106,,,,8.0,77.19947183200598,1
3560,2026-03-20 10:27:46.588600,Minara Road Sukkur,75.08198764956812,5.388720938827074,,,,9.662614840201678,80.67464320600718,1
4281,2026-03-20 10:27:46.588600,New Sukkur Township,92.12570014499553,3.6841529500880097,,,,9.155245284192665,76.3512039186593,1
5002,2026-03-20 10:27:46.588600,Old Sukkur City,89.36822955922628,6.518986480429806,,,,8.741238297989428,73.76623304467965,1
5723,2026-03-20 10:27:46.588600,Pano Aqil Town,55.48462878943976,1.5020684043242074,,,,8.0,77.64180865773369,1
6444,2026-03-20 10:27:46.588600,Rohri City,79.81406486641296,1.6549302033902575,,,,8.0,71.5606312575724,1
7165,2026-03-20 10:27:46.588600,Saleh Pat Sukkur,62.470026869592246,3.391505436507399,,,,9.655495681306633,74.71185807963398,1
7886,2026-03-20 10:27:46.588600,Shikarpur Road Sukkur,54.41898556742955,4.320658194300437,,,,8.0,72.08505941529423,1
8607,2026-03-20 10:27:46.588600,Sukkur Barrage Colony,79.75950244546624,4.991962116270745,,,,8.0,82.35033091460123,1
9328,2026-03-20 10:27:46.588600,Sukkur Cantt,92.15747536844098,4.836246421849729,,,,9.164029343527694,77.44587473973577,1
10049,2026-03-20 10:27:46.588600,Sukkur City Center,92.45179482115095,5.41849582776942,,,,9.067537644181405,76.12321743524633,1
10770,2026-03-20 10:27:46.588600,Sukkur Industrial Zone,62.13095656272814,3.3599407709141254,,,,8.620793770603688,78.43824520037697,1
677,2026-03-20 11:27:46.588600,Airport Road Sukkur,91.26964585141627,6.091167416015207,,,,8.0,69.52606776064567,1
1398,2026-03-20 11:27:46.588600,Ghotki District Supply,57.58232017132645,2.1875401356325974,,,,10.805272360897707,67.87685434114434,1
2119,2026-03-20 11:27:46.588600,Lab-e-Mehran,67.26317896505049,1.8020992519719798,,,,8.0,81.12713088964037,1
2840,2026-03-20 11:27:46.588600,Lal Shahbaz Area,87.06867813899858,5.35284468439918,,,,8.509814147958934,71.16050688325161,1
3561,2026-03-20 11:27:46.588600,Minara Road Sukkur,83.07091554606203,2.682191102796953,,,,13.788420849430828,69.09951768738233,1
4282,2026-03-20 11:27:46.588600,New Sukkur Township,94.21779025452616,7.271343344590579,,,,10.090648320106089,75.24921239694827,1
5003,2026-03-20 11:27:46.588600,Old Sukkur City,93.66378431598993,2.962885796688662,,,,10.54167913492492,79.10979047074527,1
5724,2026-03-20 11:27:46.588600,Pano Aqil Town,71.39231415410232,5.020051911014637,,,,8.0,70.00059170620759,1
6445,2026-03-20 11:27:46.588600,Rohri City,91.31242340878569,3.4654334184849254,,,,8.604585281482018,67.83723469635237,1
7166,2026-03-20 11:27:46.588600,Saleh Pat Sukkur,70.21438791300247,3.1263171233196325,,,,9.126966342355763,68.10054095217865,1
7887,2026-03-20 11:27:46.588600,Shikarpur Road Sukkur,52.54973339828386,2.6197509826545593,,,,8.240158623521335,76.07883713638444,1
8608,2026-03-20 11:27:46.588600,Sukkur Barrage Colony,87.06428189753574,6.8208514426755755,,,,13.910884821619783,66.07655055994584,1
9329,2026-03-20 11:27:46.588600,Sukkur Cantt,96.86679146857293,5.4131041282572765,,,,12.049868315696163,70.18613210122827,1
10050,2026-03-20 11:27:46.588600,Sukkur City Center,96.2793835832702,4.099256448839663,,,,9.322231156576406,65.16007526584431,1
10771,2026-03-20 11:27:46.588600,Sukkur Industrial Zone,73.29885231450147,2.538811807303786,,,,10.686611048112706,65.8059511361084,1
678,2026-03-20 12:27:46.588600,Airport Road Sukkur,91.04871355048785,5.356824027123922,,,,16.244504819993416,70.55572185271424,1
1399,2026-03-20 12:27:46.588600,Ghotki District Supply,56.93162550106233,2.3894317379597214,,,,12.604552038937122,63.959997193038014,1
2120,2026-03-20 12:27:46.588600,Lab-e-Mehran,73.60484336368852,1.5822630108062676,,,,12.142310090580903,68.81968040805118,1
2841,2026-03-20 12:27:46.588600,Lal Shahbaz Area,92.49122808187238,3.717084449529186,,,,11.851533623874717,65.02155545861767,1
3562,2026-03-20 12:27:46.588600,Minara Road Sukkur,87.51108189592739,6.135989572105927,,,,13.300786677995653,60.80686748248863,1
4283,2026-03-20 12:27:46.588600,New Sukkur Township,102.94670742609001,6.889147114284831,,,,10.994437799322771,59.09621901073447,1
5004,2026-03-20 12:27:46.588600,Old Sukkur City,105.23586040791865,3.2270521269413304,,,,10.786576934223282,65.63433757795836,1
5725,2026-03-20 12:27:46.588600,Pano Aqil Town,70.34000420819858,4.187365556552083,,,,10.820531904484566,59.30638826484514,1
6446,2026-03-20 12:27:46.588600,Rohri City,95.22899713509081,5.737202200351574,,,,10.966976220786956,73.40627451422084,1
7167,2026-03-20 12:27:46.588600,Saleh Pat Sukkur,79.23627038249059,6.059865820514476,,,,12.961896682311218,69.219947793592,1
7888,2026-03-20 12:27:46.588600,Shikarpur Road Sukkur,63.072683030691465,1.3944219972430192,,,,16.285848971628244,62.76166026037566,1
8609,2026-03-20 12:27:46.588600,Sukkur Barrage Colony,97.94817351733349,3.6102241672923996,,,,12.25231828992395,54.36972559790729,1
9330,2026-03-20 12:27:46.588600,Sukkur Cantt,100.6313019383606,2.5869596999930233,,,,13.788492387997206,72.41278794904795,1
10051,2026-03-20 12:27:46.588600,Sukkur City Center,110.55779757649685,5.893128400588251,,,,13.856736470089063,57.839576325871434,1
10772,2026-03-20 12:27:46.588600,Sukkur Industrial Zone,75.60475170919996,5.378060272714094,,,,12.560524067246794,63.52435451269386,1
679,2026-03-20 13:27:46.588600,Airport Road Sukkur,67.50824938114548,3.6407686755166604,,,,12.760629545456958,57.72819047450763,1
1400,2026-03-20 13:27:46.588600,Ghotki District Supply,46.48319762676666,1.5238899080738733,,,,20.57591754896159,61.80126339745425,1
2121,2026-03-20 13:27:46.588600,Lab-e-Mehran,54.23215003216385,1.8578388625522673,,,,13.540197997552394,48.15161980838054,1
2842,2026-03-20 13:27:46.588600,Lal Shahbaz Area,64.18664370481964,1.8444489615199164,,,,12.921325500931728,51.90446362373577,1
3563,2026-03-20 13:27:46.588600,Minara Road Sukkur,67.44460359182864,3.7674574059664985,,,,14.126128554189872,47.16153804862321,1
4284,2026-03-20 13:27:46.588600,New Sukkur Township,74.41093516256839,3.2617413177720134,,,,14.300953675041859,57.902980674156616,1
5005,2026-03-20 13:27:46.588600,Old Sukkur City,78.17652768462773,4.161832372528441,,,,16.15340923574853,55.57304787212061,1
5726,2026-03-20 13:27:46.588600,Pano Aqil Town,53.35767558273429,2.6294574938402566,,,,14.073359033670855,58.75078815388264,1
6447,2026-03-20 13:27:46.588600,Rohri City,66.82290689602681,1.5526847470383833,,,,15.03468803390734,54.0653579432108,1
7168,2026-03-20 13:27:46.588600,Saleh Pat Sukkur,51.571364947728554,1.368123166507443,,,,14.190753119908933,60.74828434489458,1
7889,2026-03-20 13:27:46.588600,Shikarpur Road Sukkur,47.31154595316582,2.7632216249851993,,,,14.6806142847491,49.527748644362106,1
8610,2026-03-20 13:27:46.588600,Sukkur Barrage Colony,77.1923584738708,5.5736103713921334,,,,16.08539372479635,61.372014951322214,1
9331,2026-03-20 13:27:46.588600,Sukkur Cantt,72.3574386899474,3.3292918683940234,,,,16.42032158226097,56.95045567593182,1
10052,2026-03-20 13:27:46.588600,Sukkur City Center,70.81132303246625,4.703298785981454,,,,13.58361258154536,53.7244425299577,1
10773,2026-03-20 13:27:46.588600,Sukkur Industrial Zone,55.822619103730034,2.826889570885826,,,,14.416048473424041,62.85510065406373,1
680,2026-03-20 14:27:46.588600,Airport Road Sukkur,61.30192253249035,3.359032485744298,,,,16.947736186004008,53.65717757939229,1
1401,2026-03-20 14:27:46.588600,Ghotki District Supply,50.04817767321991,3.350198074273641,,,,21.49936469309274,47.060432702290356,1
2122,2026-03-20 14:27:46.588600,Lab-e-Mehran,51.38827511748611,4.0099737833042,,,,18.423373996143127,59.49220968694431,1
2843,2026-03-20 14:27:46.588600,Lal Shahbaz Area,62.98308575139782,3.546575269576426,,,,16.964362380495142,42.553989193080156,1
3564,2026-03-20 14:27:46.588600,Minara Road Sukkur,60.53479145120787,3.4049680153665363,,,,22.106504381298386,59.22177012191441,1
4285,2026-03-20 14:27:46.588600,New Sukkur Township,78.04838689044053,3.3600422192935313,,,,21.816561276296895,46.72364979827178,1
5006,2026-03-20 14:27:46.588600,Old Sukkur City,72.08294917854779,3.5048545024296844,,,,20.763762324891186,48.389010202762066,1
5727,2026-03-20 14:27:46.588600,Pano Aqil Town,50.14188602775789,2.008946997369486,,,,18.577025183536772,47.062103923878375,1
6448,2026-03-20 14:27:46.588600,Rohri City,68.47353411236074,5.347061852278784,,,,22.449740324493376,56.56578346260304,1
7169,2026-03-20 14:27:46.588600,Saleh Pat Sukkur,48.82502132968464,3.4047757991877496,,,,17.470221941038417,58.794238913712135,1
7890,2026-03-20 14:27:46.588600,Shikarpur Road Sukkur,42.72097356036726,3.06105215463421,,,,18.512518361848976,50.75829388328371,1
8611,2026-03-20 14:27:46.588600,Sukkur Barrage Colony,64.93653400213243,3.9238088361417613,,,,16.35768051808476,58.61806128834873,1
9332,2026-03-20 14:27:46.588600,Sukkur Cantt,79.14326903227261,4.273539561177603,,,,17.106618842418545,52.52216723899003,1
10053,2026-03-20 14:27:46.588600,Sukkur City Center,71.5547617518834,2.398956305864338,,,,19.93159799029169,52.64259289426836,1
10774,2026-03-20 14:27:46.588600,Sukkur Industrial Zone,53.429962242810205,2.3411550959069802,,,,20.750300056027562,52.09125562216954,1
681,2026-03-20 15:27:46.588600,Airport Road Sukkur,61.76568273192346,2.9363520653798214,,,,18.075824282732672,40.05145951053694,1
1402,2026-03-20 15:27:46.588600,Ghotki District Supply,42.35150093351837,2.3130343952777457,,,,23.451399530326363,44.99994791336578,1
2123,2026-03-20 15:27:46.588600,Lab-e-Mehran,56.6184934392096,1.3103820877389045,,,,21.286708530239302,50.65804246039253,1
2844,2026-03-20 15:27:46.588600,Lal Shahbaz Area,65.31015210986172,2.8924539636939115,,,,19.917071925874588,41.896079998372386,1
3565,2026-03-20 15:27:46.588600,Minara Road Sukkur,57.81924498111348,2.003344341480325,,,,24.090145467270997,42.077038690207765,1
4286,2026-03-20 15:27:46.588600,New Sukkur Township,73.70866479939242,2.5849233882888116,,,,22.80257642997358,46.59613046040483,1
5007,2026-03-20 15:27:46.588600,Old Sukkur City,77.69529412073143,4.0706091572937,,,,21.47453577467518,49.58475779419789,1
5728,2026-03-20 15:27:46.588600,Pano Aqil Town,47.07533870939112,1.991144376680417,,,,19.800671671955193,57.09861147215044,1
6449,2026-03-20 15:27:46.588600,Rohri City,57.37820294933973,2.5697944422157875,,,,21.79109469018642,41.02677747861032,1
7170,2026-03-20 15:27:46.588600,Saleh Pat Sukkur,52.07341459407854,2.752820202304344,,,,24.65808635498115,43.277249811780216,1
7891,2026-03-20 15:27:46.588600,Shikarpur Road Sukkur,47.36686218466208,2.923110810344417,,,,20.92199554411857,48.92736641148535,1
8612,2026-03-20 15:27:46.588600,Sukkur Barrage Colony,66.28591423484667,3.089828531753585,,,,17.234111356563307,48.97606795423695,1
9333,2026-03-20 15:27:46.588600,Sukkur Cantt,72.92538577019207,3.760970570974455,,,,18.82163642854988,54.37654428994422,1
10054,2026-03-20 15:27:46.588600,Sukkur City Center,76.65496407765902,4.264104802293861,,,,20.443653021613233,43.381485917856885,1
10775,2026-03-20 15:27:46.588600,Sukkur Industrial Zone,50.81972134055658,3.372254939770839,,,,21.495629149708343,43.57953891329611,1
682,2026-03-20 16:27:46.588600,Airport Road Sukkur,66.86541230536851,1.6339372034939197,,,,23.359133217793378,35.0,1
1403,2026-03-20 16:27:46.588600,Ghotki District Supply,39.239991489847974,1.4919057733216277,,,,26.09603472369136,40.604653674405014,1
2124,2026-03-20 16:27:46.588600,Lab-e-Mehran,56.1618104510521,3.108370215980283,,,,23.43819488967239,46.99550737906795,1
2845,2026-03-20 16:27:46.588600,Lal Shahbaz Area,68.73671659327098,3.2961802593988225,,,,20.674290260078767,42.573649278132656,1
3566,2026-03-20 16:27:46.588600,Minara Road Sukkur,73.2970188270047,2.989653248263175,,,,26.57436598055797,45.153609643228386,1
4287,2026-03-20 16:27:46.588600,New Sukkur Township,78.76812341775293,3.6781214921490464,,,,27.050229609462964,35.0,1
5008,2026-03-20 16:27:46.588600,Old Sukkur City,69.28607749579663,3.224902830165726,,,,26.639035541082603,40.2895052429771,1
5729,2026-03-20 16:27:46.588600,Pano Aqil Town,51.544274535752436,3.055846653581446,,,,25.249010511071365,43.919603833227505,1
6450,2026-03-20 16:27:46.588600,Rohri City,66.8963944821014,4.240245020726008,,,,21.53711001693832,44.24508967016037,1
7171,2026-03-20 16:27:46.588600,Saleh Pat Sukkur,57.54368736897602,4.409198477808614,,,,22.413584429461125,46.89287587339591,1
7892,2026-03-20 16:27:46.588600,Shikarpur Road Sukkur,44.498346743154244,2.6249132672026723,,,,27.65992798381242,45.45618220947711,1
8613,2026-03-20 16:27:46.588600,Sukkur Barrage Colony,62.98407844289213,1.9858648316323018,,,,26.87247123621852,51.343810955506285,1
9334,2026-03-20 16:27:46.588600,Sukkur Cantt,75.96606122337928,5.287491829508351,,,,26.29613218905409,43.91229290916047,1
10055,2026-03-20 16:27:46.588600,Sukkur City Center,77.8938486091286,1.8353209173350893,,,,29.9505034851413,47.45165998539248,1
10776,2026-03-20 16:27:46.588600,Sukkur Industrial Zone,46.31672416603075,1.0697354622233706,,,,18.46600348948421,36.08781127756377,1
683,2026-03-20 17:27:46.588600,Airport Road Sukkur,65.40165334316494,5.184246767525142,,,,27.025510475259896,35.77377307817713,1
1404,2026-03-20 17:27:46.588600,Ghotki District Supply,37.04693231263698,1.911482618757999,,,,23.283306820685134,35.0,1
2125,2026-03-20 17:27:46.588600,Lab-e-Mehran,48.87862703315516,2.0444904601180647,,,,26.79354866560187,39.572548497071935,1
2846,2026-03-20 17:27:46.588600,Lal Shahbaz Area,61.63541008532948,1.5986075462618567,,,,25.068928972413694,38.65341532019887,1
3567,2026-03-20 17:27:46.588600,Minara Road Sukkur,57.97405623170593,4.58273097369775,,,,25.104320908357117,37.13988959467114,1
4288,2026-03-20 17:27:46.588600,New Sukkur Township,76.47831259117679,2.0357757449296487,,,,23.995830522782718,36.483064836546944,1
5009,2026-03-20 17:27:46.588600,Old Sukkur City,70.03446537394125,4.200032723891524,,,,24.72085628840412,36.91753976867389,1
5730,2026-03-20 17:27:46.588600,Pano Aqil Town,54.79002658410076,3.282921273843187,,,,27.479845935818425,45.294480295241854,1
6451,2026-03-20 17:27:46.588600,Rohri City,71.40962027890937,4.870551305324768,,,,29.57451931675285,35.0,1
7172,2026-03-20 17:27:46.588600,Saleh Pat Sukkur,51.14065656087603,1.9171199177037748,,,,26.356229972519156,38.93698397863751,1
7893,2026-03-20 17:27:46.588600,Shikarpur Road Sukkur,41.5445000302308,2.555018657383811,,,,28.714958025779183,35.0,1
8614,2026-03-20 17:27:46.588600,Sukkur Barrage Colony,64.14379803858822,4.737256880591375,,,,27.038912003493063,40.473870926226525,1
9335,2026-03-20 17:27:46.588600,Sukkur Cantt,65.0770386609379,2.6505806187752237,,,,28.03905724923127,43.98468548528437,1
10056,2026-03-20 17:27:46.588600,Sukkur City Center,71.17648315180031,5.4010691433626,,,,24.715425322230455,49.88364182074912,1
10777,2026-03-20 17:27:46.588600,Sukkur Industrial Zone,50.636112366525886,3.1593509359757315,,,,25.440650005103475,35.0,1
684,2026-03-20 18:27:46.588600,Airport Road Sukkur,74.59610460537003,4.183078368042473,,,,31.044898543366912,40.194895036029585,1
1405,2026-03-20 18:27:46.588600,Ghotki District Supply,47.950316702185475,2.3164826189823557,,,,30.595177701420607,35.0,1
2126,2026-03-20 18:27:46.588600,Lab-e-Mehran,52.250158366159525,1.2601527337121001,,,,26.151033308794627,37.53745794687214,1
2847,2026-03-20 18:27:46.588600,Lal Shahbaz Area,69.56087906269076,3.8685413933257005,,,,27.195144434473836,35.0,1
3568,2026-03-20 18:27:46.588600,Minara Road Sukkur,68.1125861518503,4.890865616924741,,,,25.283661268515882,46.70016657160886,1
4289,2026-03-20 18:27:46.588600,New Sukkur Township,69.23984713207153,4.180367323370716,,,,29.17062820761559,45.97890601496163,1
5010,2026-03-20 18:27:46.588600,Old Sukkur City,71.7546465255681,3.2293717672721782,,,,27.809994339373816,37.22515824564185,1
5731,2026-03-20 18:27:46.588600,Pano Aqil Town,55.310098616398086,3.8162934885756883,,,,26.74841266228559,35.0,1
6452,2026-03-20 18:27:46.588600,Rohri City,52.27466613926244,1.2442696248273004,,,,28.762672714085003,35.01084511491784,1
7173,2026-03-20 18:27:46.588600,Saleh Pat Sukkur,61.39201912335969,4.346642837791718,,,,26.30254306039515,45.76667835502469,1
7894,2026-03-20 18:27:46.588600,Shikarpur Road Sukkur,49.091175007351204,3.211856867459002,,,,33.158753800668,37.96421418366471,1
8615,2026-03-20 18:27:46.588600,Sukkur Barrage Colony,65.31712326059574,2.181296769180016,,,,23.411209774343682,45.89472894904836,1
9336,2026-03-20 18:27:46.588600,Sukkur Cantt,71.79182409691316,1.9117471219079991,,,,26.282918261944275,35.0,1
10057,2026-03-20 18:27:46.588600,Sukkur City Center,75.21480011998968,5.336662046571651,,,,27.164461679710953,37.13339508220046,1
10778,2026-03-20 18:27:46.588600,Sukkur Industrial Zone,55.88642936676413,3.6648755854369277,,,,26.766085491447228,35.0,1
685,2026-03-20 19:27:46.588600,Airport Road Sukkur,76.76432236650926,2.2924044815770324,,,,27.833908069745338,46.68380153930864,1
1406,2026-03-20 19:27:46.588600,Ghotki District Supply,49.99306472854957,1.2411095794571816,,,,26.801056578125447,39.83134111917673,1
2127,2026-03-20 19:27:46.588600,Lab-e-Mehran,59.383363208353266,2.925019642833197,,,,31.42911850966959,35.0,1
2848,2026-03-20 19:27:46.588600,Lal Shahbaz Area,81.71621087885858,6.046704031826413,,,,27.982641357163452,50.40781204858349,1
3569,2026-03-20 19:27:46.588600,Minara Road Sukkur,77.32647318135568,4.110431246932636,,,,28.866847023230584,50.83497781715956,1
4290,2026-03-20 19:27:46.588600,New Sukkur Township,89.49006365456164,3.083018924191736,,,,30.713848527442572,39.49994204907224,1
5011,2026-03-20 19:27:46.588600,Old Sukkur City,89.17963836574425,4.293414090418363,,,,32.775251235735446,41.35101516102744,1
5732,2026-03-20 19:27:46.588600,Pano Aqil Town,70.87508127592237,1.4995412293460426,,,,29.986926341602942,40.11612068710077,1
6453,2026-03-20 19:27:46.588600,Rohri City,81.32026642381703,3.926954266457084,,,,29.973313735797042,39.36753691122374,1
7174,2026-03-20 19:27:46.588600,Saleh Pat Sukkur,55.98508766307121,1.6672128973514235,,,,28.589208604098566,43.49606724543857,1
7895,2026-03-20 19:27:46.588600,Shikarpur Road Sukkur,49.586637704872764,1.8799501568865107,,,,32.25887464137796,39.929143537420174,1
8616,2026-03-20 19:27:46.588600,Sukkur Barrage Colony,77.68951143510458,4.836347652959062,,,,30.500213948546374,46.60006161194091,1
9337,2026-03-20 19:27:46.588600,Sukkur Cantt,88.96017024273785,6.352084903560684,,,,31.21974735608,41.364128587062936,1
10058,2026-03-20 19:27:46.588600,Sukkur City Center,85.74717851296059,6.241947767794129,,,,27.015315080240796,35.937785687415264,1
10779,2026-03-20 19:27:46.588600,Sukkur Industrial Zone,60.468299225131936,3.4070020767944205,,,,29.795086369116888,40.84711728093268,1
686,2026-03-20 20:27:46.588600,Airport Road Sukkur,88.30685245029662,6.032435346975541,,,,30.81918349836429,39.91904511989483,1
1407,2026-03-20 20:27:46.588600,Ghotki District Supply,59.6505899209618,3.840204849855022,,,,31.387402186462477,45.11022547295394,1
2128,2026-03-20 20:27:46.588600,Lab-e-Mehran,65.99065093775334,2.1655264181708875,,,,31.105952293074786,35.0,1
2849,2026-03-20 20:27:46.588600,Lal Shahbaz Area,87.04548810672635,5.724070386193551,,,,28.849324206092568,46.49676150528656,1
3570,2026-03-20 20:27:46.588600,Minara Road Sukkur,77.69830251263694,5.357797024167732,,,,30.40422891479262,42.130009448263145,1
4291,2026-03-20 20:27:46.588600,New Sukkur Township,98.25437992178112,3.8804976560928863,,,,26.846427959488356,44.71462353024462,1
5012,2026-03-20 20:27:46.588600,Old Sukkur City,102.26819705990812,5.507343572798774,,,,26.883932815940284,35.0,1
5733,2026-03-20 20:27:46.588600,Pano Aqil Town,66.45301414341252,4.140882352093081,,,,32.690493951578766,40.16461346725338,1
6454,2026-03-20 20:27:46.588600,Rohri City,83.17358111172268,1.710860948834874,,,,32.445873084490835,39.346203753039354,1
7175,2026-03-20 20:27:46.588600,Saleh Pat Sukkur,77.89875678491093,4.876745324651481,,,,32.19742365847689,46.44509257173379,1
7896,2026-03-20 20:27:46.588600,Shikarpur Road Sukkur,59.092381410934934,1.978181365881538,,,,27.664097246016766,44.100934389316436,1
8617,2026-03-20 20:27:46.588600,Sukkur Barrage Colony,82.82548303952711,4.6031200765804305,,,,23.761897490294942,35.33541048716394,1
9338,2026-03-20 20:27:46.588600,Sukkur Cantt,101.87750611657826,6.725677558498715,,,,31.92497001043917,45.11707715338918,1
10059,2026-03-20 20:27:46.588600,Sukkur City Center,97.7040796781643,7.248528338837086,,,,31.11693802117222,42.731095807129115,1
10780,2026-03-20 20:27:46.588600,Sukkur Industrial Zone,66.70537454923107,3.5996292000291645,,,,31.969335287669434,44.57020544262183,1
687,2026-03-20 21:27:46.588600,Airport Road Sukkur,90.3519675912521,4.320283690044035,,,,28.42652295936676,40.99910472817913,1
1408,2026-03-20 21:27:46.588600,Ghotki District Supply,59.87028474084223,1.514740926279187,,,,30.09966822449993,49.59304081380883,1
2129,2026-03-20 21:27:46.588600,Lab-e-Mehran,79.4694248967358,2.8283361774645317,,,,30.228377028997524,48.39096657379383,1
2850,2026-03-20 21:27:46.588600,Lal Shahbaz Area,84.8250132710954,3.722585228624966,,,,27.67270340109024,49.13140976791805,1
3571,2026-03-20 21:27:46.588600,Minara Road Sukkur,95.73217002202689,3.250932226720877,,,,30.663070601758903,47.74458542632724,1
4292,2026-03-20 21:27:46.588600,New Sukkur Township,102.95338704820513,4.703845301276168,,,,30.233567056440638,51.187019199708004,1
5013,2026-03-20 21:27:46.588600,Old Sukkur City,103.31533011843612,5.474293629453475,,,,24.622898777255056,50.662149179135305,1
5734,2026-03-20 21:27:46.588600,Pano Aqil Town,70.56784723044007,1.938215067489715,,,,28.64383076414417,54.07444378084009,1
6455,2026-03-20 21:27:46.588600,Rohri City,87.55037757269264,4.873758056068623,,,,28.587761873149795,43.570785401125505,1
7176,2026-03-20 21:27:46.588600,Saleh Pat Sukkur,80.06008271597602,5.5099370789481155,,,,28.49074577802289,39.15962206065566,1
7897,2026-03-20 21:27:46.588600,Shikarpur Road Sukkur,58.46407482729772,1.29781832949514,,,,29.64997698526035,48.67569170269166,1
8618,2026-03-20 21:27:46.588600,Sukkur Barrage Colony,90.18544733684598,5.431574791787208,,,,31.072862305644197,44.017147963326046,1
9339,2026-03-20 21:27:46.588600,Sukkur Cantt,107.56124488535525,4.463812189266976,,,,29.914672219662258,50.162579269116755,1
10060,2026-03-20 21:27:46.588600,Sukkur City Center,102.64881369922864,8.165401282394178,,,,26.59947817990318,50.26603776360401,1
10781,2026-03-20 21:27:46.588600,Sukkur Industrial Zone,76.74828613135,2.9975207006890465,,,,28.584109614089495,47.77619881170298,1
688,2026-03-20 22:27:46.588600,Airport Road Sukkur,66.62612927421746,1.5178100913418784,,,,29.527420359249884,53.5061372760156,1
1409,2026-03-20 22:27:46.588600,Ghotki District Supply,46.11566732262909,2.0660810863507244,,,,27.7820741611922,55.7976877194462,1
2130,2026-03-20 22:27:46.588600,Lab-e-Mehran,54.60592345259693,2.897289533366199,,,,24.216081637941798,50.18854687339142,1
2851,2026-03-20 22:27:46.588600,Lal Shahbaz Area,60.585520334394424,1.4274633146314484,,,,29.833429651266364,45.686155415333374,1
3572,2026-03-20 22:27:46.588600,Minara Road Sukkur,65.92472062156098,5.16248388694416,,,,28.466640228677104,53.146341303899675,1
4293,2026-03-20 22:27:46.588600,New Sukkur Township,73.73406801962696,3.144242505471281,,,,30.238891764338575,64.90795601077531,1
5014,2026-03-20 22:27:46.588600,Old Sukkur City,73.08292679687587,4.988459778643717,,,,27.399500894378395,48.635558709955596,1
5735,2026-03-20 22:27:46.588600,Pano Aqil Town,54.36137593491916,1.7430730882729972,,,,26.526212943498273,62.74935518406658,1
6456,2026-03-20 22:27:46.588600,Rohri City,59.39761392908033,2.730329785822539,,,,27.268307717053275,46.0886545005557,1
7177,2026-03-20 22:27:46.588600,Saleh Pat Sukkur,57.64531063811903,3.2038717145984656,,,,25.28025949980315,50.33080471946507,1
7898,2026-03-20 22:27:46.588600,Shikarpur Road Sukkur,38.500493418650855,1.9976150031468132,,,,29.682533477716852,49.32029447074295,1
8619,2026-03-20 22:27:46.588600,Sukkur Barrage Colony,67.64493384827348,4.202614315144324,,,,27.009565762043344,52.91220227535356,1
9340,2026-03-20 22:27:46.588600,Sukkur Cantt,75.23068521399512,4.329451823622474,,,,27.23485786599164,54.78901032777774,1
10061,2026-03-20 22:27:46.588600,Sukkur City Center,76.99887291124352,3.2555498219590104,,,,29.699362861895036,41.155145144923274,1
10782,2026-03-20 22:27:46.588600,Sukkur Industrial Zone,55.034391810344545,1.8683813036979873,,,,28.70625796184381,55.08581595876187,1
689,2026-03-20 23:27:46.588600,Airport Road Sukkur,68.39023232276011,3.6952715270551733,,,,29.224321094305637,56.83810416542561,1
1410,2026-03-20 23:27:46.588600,Ghotki District Supply,45.504719856466565,3.123417615455708,,,,25.333088170892992,59.551692414840666,1
2131,2026-03-20 23:27:46.588600,Lab-e-Mehran,50.67901675666948,2.0065652305718076,,,,26.12944997587734,61.34992633931114,1
2852,2026-03-20 23:27:46.588600,Lal Shahbaz Area,67.66959155465202,5.290576332540023,,,,24.569066440935433,64.63013766586582,1
3573,2026-03-20 23:27:46.588600,Minara Road Sukkur,69.65091026401382,4.7365043484832,,,,26.78195485840788,51.50184931221524,1
4294,2026-03-20 23:27:46.588600,New Sukkur Township,79.05680396716963,6.149469231907889,,,,31.67770174952329,58.63304792280836,1
5015,2026-03-20 23:27:46.588600,Old Sukkur City,75.08799273018175,5.600932562345062,,,,25.220820590600677,63.60127290387655,1
5736,2026-03-20 23:27:46.588600,Pano Aqil Town,52.30056553529425,1.2214822399626084,,,,25.56644455958334,49.437989271794976,1
6457,2026-03-20 23:27:46.588600,Rohri City,61.61498887561585,1.8855741360852083,,,,26.919186488622927,64.3980234874706,1
7178,2026-03-20 23:27:46.588600,Saleh Pat Sukkur,49.295904891942925,2.1108443008172464,,,,25.037025377209876,60.951594143521746,1
7899,2026-03-20 23:27:46.588600,Shikarpur Road Sukkur,46.47707682535399,1.3777828725546268,,,,24.48969696162145,71.09548408970967,1
8620,2026-03-20 23:27:46.588600,Sukkur Barrage Colony,65.79591144826219,3.309039899472206,,,,26.556653637271236,52.824170558413805,1
9341,2026-03-20 23:27:46.588600,Sukkur Cantt,69.31931291686229,3.906759132321085,,,,27.301331608458096,63.31692587979682,1
10062,2026-03-20 23:27:46.588600,Sukkur City Center,72.25806938813504,4.246862129881464,,,,26.38454142962966,66.07401488037347,1
10783,2026-03-20 23:27:46.588600,Sukkur Industrial Zone,52.83954822278254,4.21050200430253,,,,25.808403137837622,69.77372378599239,1
690,2026-03-21 00:27:46.588600,Airport Road Sukkur,72.52429351677516,4.706727378574083,,,,22.86501739914531,65.5726161955067,1
1411,2026-03-21 00:27:46.588600,Ghotki District Supply,35.03996460213162,2.5319042869475945,,,,22.347872806542068,65.85670535027565,1
2132,2026-03-21 00:27:46.588600,Lab-e-Mehran,52.443699967730375,3.20492135067797,,,,25.443810352145363,60.061208786968216,1
2853,2026-03-21 00:27:46.588600,Lal Shahbaz Area,60.76054212204309,3.5475304031626074,,,,26.655487310608194,59.90007190479137,1
3574,2026-03-21 00:27:46.588600,Minara Road Sukkur,70.87787701045738,2.849768807546665,,,,25.369712016187602,62.2148667640392,1
4295,2026-03-21 00:27:46.588600,New Sukkur Township,73.97025323351237,2.238676907890965,,,,26.854565900679336,61.16483884507929,1
5016,2026-03-21 00:27:46.588600,Old Sukkur City,72.13308366413439,5.396152365176623,,,,21.125930811881556,65.99324361407486,1
5737,2026-03-21 00:27:46.588600,Pano Aqil Town,49.077674899314864,1.0174460344343605,,,,27.328442109038694,68.14524298837148,1
6458,2026-03-21 00:27:46.588600,Rohri City,63.502276907137855,4.58038050234059,,,,24.371606004045027,69.19066835090021,1
7179,2026-03-21 00:27:46.588600,Saleh Pat Sukkur,47.90737964877172,1.8015954149802154,,,,24.350943839052928,58.74856899064103,1
7900,2026-03-21 00:27:46.588600,Shikarpur Road Sukkur,41.77086548787834,0.8739797253209857,,,,24.380583787081893,72.02598321860266,1
8621,2026-03-21 00:27:46.588600,Sukkur Barrage Colony,69.53398049604834,3.175612236864215,,,,22.004897748357273,64.51208340412578,1
9342,2026-03-21 00:27:46.588600,Sukkur Cantt,70.75653876464274,3.2231250909710423,,,,22.53671767068436,67.63401352772419,1
10063,2026-03-21 00:27:46.588600,Sukkur City Center,72.72127610206837,4.512722909986954,,,,22.641354210010373,66.86006300081449,1
10784,2026-03-21 00:27:46.588600,Sukkur Industrial Zone,48.245840824499844,2.8747082812589175,,,,22.33329206981758,65.0619485611162,1
691,2026-03-21 01:27:46.588600,Airport Road Sukkur,67.55308785909307,4.992762736673343,,,,19.260899759067758,76.11608185291952,1
1412,2026-03-21 01:27:46.588600,Ghotki District Supply,40.39233397555024,2.4182009077288815,,,,16.900030087727707,68.94478827987443,1
2133,2026-03-21 01:27:46.588600,Lab-e-Mehran,49.29491040979176,3.1543223602117254,,,,22.88733940879701,68.16772504166299,1
2854,2026-03-21 01:27:46.588600,Lal Shahbaz Area,65.37664328531662,2.4071152550293538,,,,24.58679412439314,72.43972326803659,1
3575,2026-03-21 01:27:46.588600,Minara Road Sukkur,66.33864474518039,4.374171190882109,,,,19.01018622801328,68.70520190104128,1
4296,2026-03-21 01:27:46.588600,New Sukkur Township,79.57065739080521,5.216525337560043,,,,21.57774646133428,70.06748018194682,1
5017,2026-03-21 01:27:46.588600,Old Sukkur City,81.50360246887014,4.95590985280279,,,,23.152860656980483,73.08333566608279,1
5738,2026-03-21 01:27:46.588600,Pano Aqil Town,46.5052920751973,3.5732548435328826,,,,19.732012201587175,80.45872930988702,1
6459,2026-03-21 01:27:46.588600,Rohri City,65.16609131055328,3.5013464458177035,,,,22.764038144302898,68.26606706678682,1
7180,2026-03-21 01:27:46.588600,Saleh Pat Sukkur,48.51369716689113,3.333969614657248,,,,25.07718744561439,63.939530452021174,1
7901,2026-03-21 01:27:46.588600,Shikarpur Road Sukkur,44.87743880373272,1.092478284377434,,,,23.725337997638725,76.56171673790344,1
8622,2026-03-21 01:27:46.588600,Sukkur Barrage Colony,71.04603169010593,5.3723399355346535,,,,21.16901403262432,76.21227347618726,1
9343,2026-03-21 01:27:46.588600,Sukkur Cantt,73.26759619981598,5.013036796643056,,,,20.243242598729267,73.3902246965399,1
10064,2026-03-21 01:27:46.588600,Sukkur City Center,80.24580850602084,4.677534860885898,,,,21.904815478510276,61.56133117525329,1
10785,2026-03-21 01:27:46.588600,Sukkur Industrial Zone,59.12053162256616,1.3229241036381847,,,,18.445334370999042,76.49821456264115,1
692,2026-03-21 02:27:46.588600,Airport Road Sukkur,65.360656103388,4.726955852708639,,,,19.846452216004963,79.9122995138563,1
1413,2026-03-21 02:27:46.588600,Ghotki District Supply,38.04910287535655,2.933283589585404,,,,20.031762434890258,79.60346819807579,1
2134,2026-03-21 02:27:46.588600,Lab-e-Mehran,55.18501121857407,1.815940331821987,,,,18.07590614020011,83.07923214872346,1
2855,2026-03-21 02:27:46.588600,Lal Shahbaz Area,62.48518203287576,1.5496297579820446,,,,19.59376990288707,70.97090042610233,1
3576,2026-03-21 02:27:46.588600,Minara Road Sukkur,62.821834546630505,1.4380170062972129,,,,16.213263370572133,79.83917694563989,1
4297,2026-03-21 02:27:46.588600,New Sukkur Township,77.86584066951585,5.896202129843336,,,,12.986533020665714,77.26885864727612,1
5018,2026-03-21 02:27:46.588600,Old Sukkur City,75.72933670547364,2.0569045771550205,,,,18.299626452370504,80.12635527801635,1
5739,2026-03-21 02:27:46.588600,Pano Aqil Town,50.65956089698563,2.348215001850361,,,,17.486680020805533,85.0,1
6460,2026-03-21 02:27:46.588600,Rohri City,67.5350753539329,2.332048204355039,,,,20.796781807398407,63.51614285822141,1
7181,2026-03-21 02:27:46.588600,Saleh Pat Sukkur,54.07269078884605,4.100440647743517,,,,19.66002218082281,85.0,1
7902,2026-03-21 02:27:46.588600,Shikarpur Road Sukkur,36.58287848060515,0.8090487160416903,,,,14.823276505512977,70.6514348925167,1
8623,2026-03-21 02:27:46.588600,Sukkur Barrage Colony,67.5173570425004,3.7833643143533258,,,,15.613214921932101,81.22208960581857,1
9344,2026-03-21 02:27:46.588600,Sukkur Cantt,72.77534259306655,4.804489766829634,,,,19.71885310749896,71.38662966554321,1
10065,2026-03-21 02:27:46.588600,Sukkur City Center,69.42365207120616,2.242290369834499,,,,18.13520768680659,73.93974654304562,1
10786,2026-03-21 02:27:46.588600,Sukkur Industrial Zone,55.28697672044564,3.6906830443159655,,,,17.529751856635567,79.42864446154778,1
693,2026-03-21 03:27:46.588600,Airport Road Sukkur,70.71263275790918,2.6261005602776137,,,,16.02314140279274,78.14002339343546,1
1414,2026-03-21 03:27:46.588600,Ghotki District Supply,44.47452633673532,2.6084351179996252,,,,14.847192562892472,85.0,1
2135,2026-03-21 03:27:46.588600,Lab-e-Mehran,46.73005646925612,1.7206894912748811,,,,13.900874679243664,85.0,1
2856,2026-03-21 03:27:46.588600,Lal Shahbaz Area,67.22441203245876,3.859171826991798,,,,15.386294501884889,83.01704663867221,1
3577,2026-03-21 03:27:46.588600,Minara Road Sukkur,63.84458603211308,1.9487290390010983,,,,15.315611364555966,83.36562476392228,1
4298,2026-03-21 03:27:46.588600,New Sukkur Township,75.76555544608283,1.745746023776806,,,,15.804216879607846,85.0,1
5019,2026-03-21 03:27:46.588600,Old Sukkur City,76.94623281071931,4.773319845539651,,,,15.19176721664973,84.31152231264254,1
5740,2026-03-21 03:27:46.588600,Pano Aqil Town,43.66988485351272,1.1964904399510574,,,,14.704674751739581,74.1047344073288,1
6461,2026-03-21 03:27:46.588600,Rohri City,59.90840317988266,2.4412831543576563,,,,13.333063345763087,85.0,1
7182,2026-03-21 03:27:46.588600,Saleh Pat Sukkur,49.74090072653093,3.485456814115653,,,,12.963998767262723,85.0,1
7903,2026-03-21 03:27:46.588600,Shikarpur Road Sukkur,45.097858466754026,2.3761858800044027,,,,12.456755613460382,76.6371923843422,1
8624,2026-03-21 03:27:46.588600,Sukkur Barrage Colony,71.90159426227531,1.5602744552502446,,,,10.843153521413173,81.84105972798088,1
9345,2026-03-21 03:27:46.588600,Sukkur Cantt,73.55127422814505,4.2135677727745025,,,,13.180837214612433,85.0,1
10066,2026-03-21 03:27:46.588600,Sukkur City Center,78.520609368968,1.8757868311995642,,,,12.392318790442824,85.0,1
10787,2026-03-21 03:27:46.588600,Sukkur Industrial Zone,50.28609036532907,1.8206534310319828,,,,14.490471647352706,83.89814104759957,1
694,2026-03-21 04:27:46.588600,Airport Road Sukkur,61.772628359310175,2.2735533229747906,,,,13.549292758517858,81.74176746552648,1
1415,2026-03-21 04:27:46.588600,Ghotki District Supply,43.865964193579586,3.079388085342195,,,,8.727658344559309,81.12466129046555,1
2136,2026-03-21 04:27:46.588600,Lab-e-Mehran,50.864590220408424,3.7773957159443476,,,,10.62215994791039,85.0,1
2857,2026-03-21 04:27:46.588600,Lal Shahbaz Area,63.551841040033175,1.8841468631518068,,,,8.0,85.0,1
3578,2026-03-21 04:27:46.588600,Minara Road Sukkur,71.14262420459998,2.7674249325159637,,,,13.369323201132712,85.0,1
4299,2026-03-21 04:27:46.588600,New Sukkur Township,82.01903293748532,5.039991661878365,,,,9.498002052472966,85.0,1
5020,2026-03-21 04:27:46.588600,Old Sukkur City,72.41566861804594,4.970920413042302,,,,9.498563862541022,85.0,1
5741,2026-03-21 04:27:46.588600,Pano Aqil Town,53.36140632870748,2.8907692599812593,,,,12.651556099860304,85.0,1
6462,2026-03-21 04:27:46.588600,Rohri City,72.25015621447727,4.962542769265488,,,,11.075325707292595,85.0,1
7183,2026-03-21 04:27:46.588600,Saleh Pat Sukkur,50.34461801004325,2.913020427806352,,,,11.63968061129393,82.73716015916106,1
7904,2026-03-21 04:27:46.588600,Shikarpur Road Sukkur,40.25968263587791,1.4005406710244952,,,,12.634503577487845,85.0,1
8625,2026-03-21 04:27:46.588600,Sukkur Barrage Colony,66.11124857556362,2.5912827839616046,,,,9.7315843925256,85.0,1
9346,2026-03-21 04:27:46.588600,Sukkur Cantt,72.45296610222242,5.136127093018604,,,,10.237938771398424,85.0,1
10067,2026-03-21 04:27:46.588600,Sukkur City Center,72.08264802380864,1.9254618991519605,,,,9.654823983404945,77.3961875204605,1
10788,2026-03-21 04:27:46.588600,Sukkur Industrial Zone,52.29272193034799,1.1414674634740316,,,,9.675407116671604,85.0,1
695,2026-03-21 05:27:46.588600,Airport Road Sukkur,67.52148757542757,2.969693412623302,,,,11.709064978301937,85.0,1
1416,2026-03-21 05:27:46.588600,Ghotki District Supply,46.48190738552177,1.1275311635921414,,,,8.0,85.0,1
2137,2026-03-21 05:27:46.588600,Lab-e-Mehran,52.18780068014641,1.1202693738640814,,,,12.676231124921577,85.0,1
2858,2026-03-21 05:27:46.588600,Lal Shahbaz Area,72.932124213391,5.584989522946443,,,,11.600789087872045,85.0,1
3579,2026-03-21 05:27:46.588600,Minara Road Sukkur,58.61304405046338,4.623957331296732,,,,10.475300828196021,83.48641186101514,1
4300,2026-03-21 05:27:46.588600,New Sukkur Township,73.82555805671693,3.327626092242662,,,,10.513473946044543,85.0,1
5021,2026-03-21 05:27:46.588600,Old Sukkur City,76.87294599121958,5.600558571731,,,,11.760818131163777,84.51608564730117,1
5742,2026-03-21 05:27:46.588600,Pano Aqil Town,51.379845508685435,3.3344312220640457,,,,9.99885372772333,85.0,1
6463,2026-03-21 05:27:46.588600,Rohri City,66.91879051305341,3.239952905016451,,,,9.79886928213611,85.0,1
7184,2026-03-21 05:27:46.588600,Saleh Pat Sukkur,50.151962412783725,3.3582915037221466,,,,10.433741969049018,85.0,1
7905,2026-03-21 05:27:46.588600,Shikarpur Road Sukkur,40.505032294188034,2.6582373480746244,,,,9.234864886965918,85.0,1
8626,2026-03-21 05:27:46.588600,Sukkur Barrage Colony,75.15458529863916,4.166589429853306,,,,8.0,83.65839761154575,1
9347,2026-03-21 05:27:46.588600,Sukkur Cantt,75.09311856782945,5.2953773407592575,,,,8.0,85.0,1
10068,2026-03-21 05:27:46.588600,Sukkur City Center,77.94097151885633,5.561989367772921,,,,9.302739374731948,85.0,1
10789,2026-03-21 05:27:46.588600,Sukkur Industrial Zone,50.37472588556912,3.293699618527427,,,,14.739215933499736,85.0,1
696,2026-03-21 06:27:46.588600,Airport Road Sukkur,67.63745938787032,1.4306447678495076,,,,8.280661534908687,85.0,1
1417,2026-03-21 06:27:46.588600,Ghotki District Supply,40.53261056544118,1.1548337270381854,,,,8.328720809050273,85.0,1
2138,2026-03-21 06:27:46.588600,Lab-e-Mehran,47.1939847674941,2.835080285492219,,,,8.345103555137971,85.0,1
2859,2026-03-21 06:27:46.588600,Lal Shahbaz Area,61.619134033903585,3.909467912135133,,,,8.0,85.0,1
3580,2026-03-21 06:27:46.588600,Minara Road Sukkur,66.89640905993431,1.9549095831249053,,,,9.782832679318657,85.0,1
4301,2026-03-21 06:27:46.588600,New Sukkur Township,66.3492439284506,3.2498149034597077,,,,8.0,85.0,1
5022,2026-03-21 06:27:46.588600,Old Sukkur City,75.24597458942968,4.9121088749049155,,,,8.0,85.0,1
5743,2026-03-21 06:27:46.588600,Pano Aqil Town,46.82528485365618,2.5880089399561035,,,,8.0,85.0,1
6464,2026-03-21 06:27:46.588600,Rohri City,64.29159648284711,2.053182617018635,,,,8.0,85.0,1
7185,2026-03-21 06:27:46.588600,Saleh Pat Sukkur,51.08482742618134,1.4601844765739456,,,,9.062702063541538,85.0,1
7906,2026-03-21 06:27:46.588600,Shikarpur Road Sukkur,38.74336829158959,0.8862804365830473,,,,8.0,85.0,1
8627,2026-03-21 06:27:46.588600,Sukkur Barrage Colony,62.76123046462729,3.1731976915660214,,,,11.347423514464245,85.0,1
9348,2026-03-21 06:27:46.588600,Sukkur Cantt,72.63847847471229,3.1854498496459085,,,,8.0,85.0,1
10069,2026-03-21 06:27:46.588600,Sukkur City Center,84.92326046963348,4.889272879852278,,,,8.0,85.0,1
10790,2026-03-21 06:27:46.588600,Sukkur Industrial Zone,57.823326384408794,1.3413180204354582,,,,8.856796339923804,85.0,1
697,2026-03-21 07:27:46.588600,Airport Road Sukkur,66.58436699808145,4.877933837999203,,,,8.232896713150252,85.0,1
1418,2026-03-21 07:27:46.588600,Ghotki District Supply,39.889594349429835,2.8484019229389674,,,,9.01932277222624,85.0,1
2139,2026-03-21 07:27:46.588600,Lab-e-Mehran,56.49066193728879,1.6919631595433897,,,,9.578911956448405,85.0,1
2860,2026-03-21 07:27:46.588600,Lal Shahbaz Area,66.7301778469414,4.85939130673088,,,,8.140873873114796,85.0,1
3581,2026-03-21 07:27:46.588600,Minara Road Sukkur,70.4706059418528,5.615757173415742,,,,8.0,85.0,1
4302,2026-03-21 07:27:46.588600,New Sukkur Township,73.06433562617525,2.5734587711181702,,,,8.549442177141728,85.0,1
5023,2026-03-21 07:27:46.588600,Old Sukkur City,72.891278747069,2.7096181251658376,,,,8.0,85.0,1
5744,2026-03-21 07:27:46.588600,Pano Aqil Town,49.63545325486784,3.763833917985848,,,,8.0,85.0,1
6465,2026-03-21 07:27:46.588600,Rohri City,61.34974060196412,4.444984398590649,,,,8.0,85.0,1
7186,2026-03-21 07:27:46.588600,Saleh Pat Sukkur,49.44364112674398,1.0933073599752392,,,,8.0,85.0,1
7907,2026-03-21 07:27:46.588600,Shikarpur Road Sukkur,46.407874318187666,3.398833569674946,,,,8.886542175957961,85.0,1
8628,2026-03-21 07:27:46.588600,Sukkur Barrage Colony,58.87363530680366,4.240217124762517,,,,10.274555496437705,85.0,1
9349,2026-03-21 07:27:46.588600,Sukkur Cantt,75.26814591819192,2.3868851165074125,,,,9.097088679525019,85.0,1
10070,2026-03-21 07:27:46.588600,Sukkur City Center,68.12682576140864,4.987838470848636,,,,8.314172832179768,85.0,1
10791,2026-03-21 07:27:46.588600,Sukkur Industrial Zone,52.63977854004537,3.3650041393894647,,,,8.431402077710406,83.14162854730529,1
698,2026-03-21 08:27:46.588600,Airport Road Sukkur,71.89298477674966,2.501587243674174,,,,8.0,85.0,1
1419,2026-03-21 08:27:46.588600,Ghotki District Supply,38.92595390593389,2.290584401915508,,,,8.0,81.53686630927866,1
2140,2026-03-21 08:27:46.588600,Lab-e-Mehran,51.975780973416114,2.479223383372693,,,,8.655932715083146,85.0,1
2861,2026-03-21 08:27:46.588600,Lal Shahbaz Area,65.65434049381138,5.069607874436438,,,,8.0,85.0,1
3582,2026-03-21 08:27:46.588600,Minara Road Sukkur,67.83423312905785,2.511853380917665,,,,8.869280189612585,79.7940692617875,1
4303,2026-03-21 08:27:46.588600,New Sukkur Township,75.12888759647434,2.6100429901405073,,,,9.264174103139501,82.26509400423643,1
5024,2026-03-21 08:27:46.588600,Old Sukkur City,80.30336323862535,2.1911889956987225,,,,8.0,80.44728509756371,1
5745,2026-03-21 08:27:46.588600,Pano Aqil Town,52.54795375211253,4.144303767390266,,,,9.109745207927114,82.39678795823845,1
6466,2026-03-21 08:27:46.588600,Rohri City,69.26893201713838,4.922143503021107,,,,8.0,77.86472680859,1
7187,2026-03-21 08:27:46.588600,Saleh Pat Sukkur,57.43686035955012,3.7197959149987967,,,,8.0,85.0,1
7908,2026-03-21 08:27:46.588600,Shikarpur Road Sukkur,44.26589348335086,1.5642812441576404,,,,8.0,85.0,1
8629,2026-03-21 08:27:46.588600,Sukkur Barrage Colony,63.094325344483494,4.16332951336317,,,,8.0,85.0,1
9350,2026-03-21 08:27:46.588600,Sukkur Cantt,70.11909315051324,3.1253990450457523,,,,8.0,85.0,1
10071,2026-03-21 08:27:46.588600,Sukkur City Center,75.87084284567479,4.797652949815128,,,,8.0,85.0,1
10792,2026-03-21 08:27:46.588600,Sukkur Industrial Zone,53.396186572779726,3.840154434321516,,,,8.0,85.0,1
699,2026-03-21 09:27:46.588600,Airport Road Sukkur,68.63343123616372,4.352697995552405,,,,8.698356452882987,82.60928269378394,1
1420,2026-03-21 09:27:46.588600,Ghotki District Supply,41.12603681134025,1.8228468839119814,,,,9.224966846643925,85.0,1
2141,2026-03-21 09:27:46.588600,Lab-e-Mehran,52.84876106212226,1.1406235820533541,,,,8.555312048007982,84.51266590057665,1
2862,2026-03-21 09:27:46.588600,Lal Shahbaz Area,59.05041568470924,3.2901279294322014,,,,10.791912256767729,77.26490881724209,1
3583,2026-03-21 09:27:46.588600,Minara Road Sukkur,63.603310934149206,4.954357541744978,,,,8.0,79.82989114274565,1
4304,2026-03-21 09:27:46.588600,New Sukkur Township,73.68169222730454,2.574210198446928,,,,8.0,84.183401547347,1
5025,2026-03-21 09:27:46.588600,Old Sukkur City,74.19050836192216,3.99549484728929,,,,8.0,85.0,1
5746,2026-03-21 09:27:46.588600,Pano Aqil Town,52.10384386597655,4.0413548031350315,,,,8.0,71.06389189826078,1
6467,2026-03-21 09:27:46.588600,Rohri City,65.42290965852798,3.4550208812762473,,,,8.0,83.54530342892377,1
7188,2026-03-21 09:27:46.588600,Saleh Pat Sukkur,51.02485433952917,1.9263885145845678,,,,8.0,77.08872697272842,1
7909,2026-03-21 09:27:46.588600,Shikarpur Road Sukkur,43.41237250145649,2.1719582473994103,,,,8.0,85.0,1
8630,2026-03-21 09:27:46.588600,Sukkur Barrage Colony,68.26690098997396,3.054142678330549,,,,8.0,76.11288428465016,1
9351,2026-03-21 09:27:46.588600,Sukkur Cantt,77.00420415999079,1.6802253077021128,,,,8.0,75.87567052683445,1
10072,2026-03-21 09:27:46.588600,Sukkur City Center,71.75423884678304,1.763392659708499,,,,8.0,80.73046985586213,1
10793,2026-03-21 09:27:46.588600,Sukkur Industrial Zone,53.73338221656328,3.409646760763946,,,,8.0,85.0,1
700,2026-03-21 10:27:46.588600,Airport Road Sukkur,77.70294763986429,4.512704487471686,,,,8.42417018517214,78.52045704824575,1
1421,2026-03-21 10:27:46.588600,Ghotki District Supply,49.854140037440345,3.004363283892011,,,,8.0,85.0,1
2142,2026-03-21 10:27:46.588600,Lab-e-Mehran,57.1375163331565,2.204971152645747,,,,10.286841423549657,70.47091611421709,1
2863,2026-03-21 10:27:46.588600,Lal Shahbaz Area,74.10571343856272,4.892110345355326,,,,11.307379050891793,79.91961056523756,1
3584,2026-03-21 10:27:46.588600,Minara Road Sukkur,73.42438922742623,3.8787399665688462,,,,8.0,83.26449609282358,1
4305,2026-03-21 10:27:46.588600,New Sukkur Township,84.98956389409862,6.6185826067200395,,,,8.52143376322136,80.9977807809727,1
5026,2026-03-21 10:27:46.588600,Old Sukkur City,79.53745400252973,5.8440556619995645,,,,9.988544900827478,77.36430579442306,1
5747,2026-03-21 10:27:46.588600,Pano Aqil Town,57.71635779869701,4.533713837533099,,,,8.359521086454256,79.58534997252852,1
6468,2026-03-21 10:27:46.588600,Rohri City,75.3905509394513,4.22791863790536,,,,8.0,84.4404562873513,1
7189,2026-03-21 10:27:46.588600,Saleh Pat Sukkur,56.785260777243934,3.586351655237721,,,,8.0,80.74543728206046,1
7910,2026-03-21 10:27:46.588600,Shikarpur Road Sukkur,48.753845888233485,1.9617284649592936,,,,8.00999440389379,76.2757287855369,1
8631,2026-03-21 10:27:46.588600,Sukkur Barrage Colony,76.68522922096298,3.4560379628913145,,,,8.935805602929774,72.98692516415528,1
9352,2026-03-21 10:27:46.588600,Sukkur Cantt,85.36370425858436,5.410500662838925,,,,8.0,80.96155051321587,1
10073,2026-03-21 10:27:46.588600,Sukkur City Center,75.34370603786995,4.181128559777566,,,,10.15312453464552,83.18843855471994,1
10794,2026-03-21 10:27:46.588600,Sukkur Industrial Zone,59.780316552135375,4.454943630168422,,,,8.0,80.07678454545997,1
701,2026-03-21 11:27:46.588600,Airport Road Sukkur,75.52698560549717,5.5596770425073245,,,,8.0,65.43553675226447,1
1422,2026-03-21 11:27:46.588600,Ghotki District Supply,44.69026686120146,2.156626696469957,,,,9.553324193979766,75.82498219083674,1
2143,2026-03-21 11:27:46.588600,Lab-e-Mehran,68.93154441921331,4.836272602200992,,,,11.957671837304616,74.30839000689484,1
2864,2026-03-21 11:27:46.588600,Lal Shahbaz Area,82.08093485662343,6.11199513021416,,,,8.0,69.64939116186461,1
3585,2026-03-21 11:27:46.588600,Minara Road Sukkur,83.88192052816595,4.3988950788906305,,,,11.167753744053993,72.54061846498173,1
4306,2026-03-21 11:27:46.588600,New Sukkur Township,94.4976380076182,4.162063159822988,,,,11.869852188660744,75.12239325274807,1
5027,2026-03-21 11:27:46.588600,Old Sukkur City,96.32726149330828,6.6631670845002064,,,,8.0,69.43744770371453,1
5748,2026-03-21 11:27:46.588600,Pano Aqil Town,62.63881457429697,4.591418050826999,,,,10.298008521849765,68.63148486850372,1
6469,2026-03-21 11:27:46.588600,Rohri City,78.68725890636047,5.455554288448031,,,,8.91879464936026,60.850565582166354,1
7190,2026-03-21 11:27:46.588600,Saleh Pat Sukkur,64.88368485835878,3.240292811708547,,,,8.0,74.20199937613033,1
7911,2026-03-21 11:27:46.588600,Shikarpur Road Sukkur,49.587499939396004,3.0916670550069543,,,,9.249130627223197,64.54755865733377,1
8632,2026-03-21 11:27:46.588600,Sukkur Barrage Colony,82.98303217923348,4.560932765321434,,,,8.700867782617289,83.35743797929265,1
9353,2026-03-21 11:27:46.588600,Sukkur Cantt,92.17883966020895,3.9524573612934657,,,,13.931822023240837,75.94656874191178,1
10074,2026-03-21 11:27:46.588600,Sukkur City Center,97.44521547748724,5.494144942551431,,,,10.21750030477547,69.52797932485292,1
10795,2026-03-21 11:27:46.588600,Sukkur Industrial Zone,71.53606309200082,5.6883995623421795,,,,12.13989462835467,73.81545427722583,1
702,2026-03-21 12:27:46.588600,Airport Road Sukkur,77.80863080495944,5.226419356668474,,,,10.464024359801128,66.29788141915218,1
1423,2026-03-21 12:27:46.588600,Ghotki District Supply,59.71927154669029,1.838402726059273,,,,10.969370400287495,61.84469883734736,1
2144,2026-03-21 12:27:46.588600,Lab-e-Mehran,61.83822270579946,3.2043538321178517,,,,11.766374245003961,70.17354003437777,1
2865,2026-03-21 12:27:46.588600,Lal Shahbaz Area,90.07909354155963,2.318225496139297,,,,12.465500847730283,65.85046243876225,1
3586,2026-03-21 12:27:46.588600,Minara Road Sukkur,85.67011640317412,4.983319879467073,,,,13.033413439148074,63.54529746298791,1
4307,2026-03-21 12:27:46.588600,New Sukkur Township,98.86407084756115,5.325589114023909,,,,10.744057488276725,67.36009653548561,1
5028,2026-03-21 12:27:46.588600,Old Sukkur City,98.44742850320824,4.861150195357301,,,,13.242389492576976,71.4837187338512,1
5749,2026-03-21 12:27:46.588600,Pano Aqil Town,70.98697385897911,4.814719097896847,,,,10.094721623304212,63.061231688809805,1
6470,2026-03-21 12:27:46.588600,Rohri City,83.78104682635117,2.014299198984065,,,,12.597990761305375,67.705072805541,1
7191,2026-03-21 12:27:46.588600,Saleh Pat Sukkur,64.57666307413713,2.5655160363019487,,,,11.3420075049162,72.06344262282572,1
7912,2026-03-21 12:27:46.588600,Shikarpur Road Sukkur,51.73645446161011,1.0511366798218609,,,,11.51280419441365,73.32120861056946,1
8633,2026-03-21 12:27:46.588600,Sukkur Barrage Colony,92.7575856866404,5.869210440463409,,,,12.247226952847951,60.943395934556875,1
9354,2026-03-21 12:27:46.588600,Sukkur Cantt,89.13417308771125,2.7660751695018706,,,,10.855568454556046,66.52381403115186,1
10075,2026-03-21 12:27:46.588600,Sukkur City Center,98.62153409164853,7.4398644026193885,,,,12.976311376844862,68.21724416144541,1
10796,2026-03-21 12:27:46.588600,Sukkur Industrial Zone,68.77121203316781,2.0194152735309836,,,,11.607789037707697,71.68299167789338,1
703,2026-03-21 13:27:46.588600,Airport Road Sukkur,55.83833215683598,3.7191769185019,,,,15.309783299865343,48.380275974997154,1
1424,2026-03-21 13:27:46.588600,Ghotki District Supply,51.76263217850867,2.4228906176131164,,,,17.685629665110234,59.54717155751024,1
2145,2026-03-21 13:27:46.588600,Lab-e-Mehran,57.327216821951446,1.7086525065114657,,,,16.47319957775663,50.44165795717649,1
2866,2026-03-21 13:27:46.588600,Lal Shahbaz Area,69.29511498225007,4.065954917998528,,,,14.983815017760719,57.893227112374035,1
3587,2026-03-21 13:27:46.588600,Minara Road Sukkur,70.13460469603561,3.2197834022810974,,,,17.714612781140275,48.61243477943508,1
4308,2026-03-21 13:27:46.588600,New Sukkur Township,76.38411966097316,4.841931559185465,,,,15.735536119443877,62.52881155822863,1
5029,2026-03-21 13:27:46.588600,Old Sukkur City,72.55268913565583,4.075818181400265,,,,13.583806631771436,65.67288325313622,1
5750,2026-03-21 13:27:46.588600,Pano Aqil Town,52.072220593999575,4.094343787730773,,,,16.339361751039014,53.421475309451424,1
6471,2026-03-21 13:27:46.588600,Rohri City,70.67508483345462,2.7017909579772,,,,11.475667422788417,57.001676428091784,1
7192,2026-03-21 13:27:46.588600,Saleh Pat Sukkur,52.817221450876936,3.105851989732195,,,,15.978120300044282,52.448096774365936,1
7913,2026-03-21 13:27:46.588600,Shikarpur Road Sukkur,42.43011755339827,3.2951225259863155,,,,15.371950744646245,48.25723988465703,1
8634,2026-03-21 13:27:46.588600,Sukkur Barrage Colony,65.88349993732109,4.6404533294171175,,,,16.98606782196234,52.20820491287304,1
9355,2026-03-21 13:27:46.588600,Sukkur Cantt,73.83118772317853,1.5626106682289524,,,,16.43153451625695,59.723492291107526,1
10076,2026-03-21 13:27:46.588600,Sukkur City Center,77.76472539678969,6.131089054300165,,,,16.671060375600025,55.564255217968984,1
10797,2026-03-21 13:27:46.588600,Sukkur Industrial Zone,51.092062691968195,3.895007100503755,,,,17.515807392753636,56.28481693069458,1
704,2026-03-21 14:27:46.588600,Airport Road Sukkur,65.57100555470619,3.959401522989726,,,,17.90526583245655,56.82471267303444,1
1425,2026-03-21 14:27:46.588600,Ghotki District Supply,37.191414882673904,2.049456374600153,,,,19.368428828696477,48.13337901835142,1
2146,2026-03-21 14:27:46.588600,Lab-e-Mehran,56.925653761904066,3.1081349283075195,,,,17.89745066273152,52.51381619875134,1
2867,2026-03-21 14:27:46.588600,Lal Shahbaz Area,63.999727787964204,2.5784573924251806,,,,18.51810557608851,52.45828155360117,1
3588,2026-03-21 14:27:46.588600,Minara Road Sukkur,63.60688871007992,2.593912638637369,,,,15.607942600574997,44.274476655720136,1
4309,2026-03-21 14:27:46.588600,New Sukkur Township,74.7113714110106,5.436273503556766,,,,15.336688510423473,53.40298800439603,1
5030,2026-03-21 14:27:46.588600,Old Sukkur City,84.3678018973047,3.4595592231743555,,,,18.692568055216526,52.592317261956694,1
5751,2026-03-21 14:27:46.588600,Pano Aqil Town,52.84224330283046,4.095608817644734,,,,15.52875981532839,49.294108589622255,1
6472,2026-03-21 14:27:46.588600,Rohri City,64.00070737850423,4.571099094238409,,,,19.835998686125933,55.92421933688887,1
7193,2026-03-21 14:27:46.588600,Saleh Pat Sukkur,47.7918751237569,1.2605316403244635,,,,18.09928512478391,50.16567736429037,1
7914,2026-03-21 14:27:46.588600,Shikarpur Road Sukkur,42.29328525647996,2.9566348101850894,,,,19.747756924009167,51.03186447855907,1
8635,2026-03-21 14:27:46.588600,Sukkur Barrage Colony,64.24113945076665,4.718974031929062,,,,17.138874968185988,55.96016021216354,1
9356,2026-03-21 14:27:46.588600,Sukkur Cantt,75.6906128286862,2.1223722774592835,,,,16.185299322921708,56.68547835553575,1
10077,2026-03-21 14:27:46.588600,Sukkur City Center,79.08477654979055,3.2000108442403348,,,,13.45716692081169,46.60033958406522,1
10798,2026-03-21 14:27:46.588600,Sukkur Industrial Zone,54.73927913023339,2.0793687467438224,,,,17.928261521941476,50.135669879546455,1
705,2026-03-21 15:27:46.588600,Airport Road Sukkur,62.16912300440401,3.545480328249828,,,,20.15968267039271,35.7987216568616,1
1426,2026-03-21 15:27:46.588600,Ghotki District Supply,42.12714511875679,1.0650419480078,,,,19.269734631455663,48.13115554390473,1
2147,2026-03-21 15:27:46.588600,Lab-e-Mehran,59.79011077288893,2.2514931400670646,,,,19.25945117259465,44.47793464604588,1
2868,2026-03-21 15:27:46.588600,Lal Shahbaz Area,72.31059896161999,1.9014883966989051,,,,21.191418540963323,50.28551178874397,1
3589,2026-03-21 15:27:46.588600,Minara Road Sukkur,67.16978739185323,3.7602737450400463,,,,23.705259166405238,40.28390219034123,1
4310,2026-03-21 15:27:46.588600,New Sukkur Township,80.6491676749159,1.7588223723647733,,,,18.222317936336633,52.12961859460963,1
5031,2026-03-21 15:27:46.588600,Old Sukkur City,76.36990044418692,2.9750001193590996,,,,24.437537029449505,44.9028029523027,1
5752,2026-03-21 15:27:46.588600,Pano Aqil Town,53.28945883364461,2.4888232192327537,,,,19.939531648415574,55.312773129052694,1
6473,2026-03-21 15:27:46.588600,Rohri City,69.8418209946563,3.558187750454418,,,,22.58808247403093,42.61575072868675,1
7194,2026-03-21 15:27:46.588600,Saleh Pat Sukkur,56.0568572589127,2.7439484132410636,,,,20.81005257978311,51.10208749270357,1
7915,2026-03-21 15:27:46.588600,Shikarpur Road Sukkur,48.18395431882593,3.151106839518916,,,,17.30366728280986,44.67085602298312,1
8636,2026-03-21 15:27:46.588600,Sukkur Barrage Colony,72.76714447518796,4.9615961676009,,,,21.503300610866425,35.87380417479211,1
9357,2026-03-21 15:27:46.588600,Sukkur Cantt,68.95314785046824,4.208822035016945,,,,22.736714318494855,43.526518246471966,1
10078,2026-03-21 15:27:46.588600,Sukkur City Center,77.47697817420915,4.924924485235184,,,,21.85860530942774,51.62908895647628,1
10799,2026-03-21 15:27:46.588600,Sukkur Industrial Zone,48.09367078213612,3.057966212956282,,,,20.211901902064522,43.51056130302481,1
706,2026-03-21 16:27:46.588600,Airport Road Sukkur,67.74710375840633,3.650335898649662,,,,21.781603026882795,43.534587887864,1
1427,2026-03-21 16:27:46.588600,Ghotki District Supply,43.87732753527119,2.355339413866264,,,,22.564087564839628,46.50848439632428,1
2148,2026-03-21 16:27:46.588600,Lab-e-Mehran,49.72246548204814,3.366050501784971,,,,21.166339333055245,49.80057731593794,1
2869,2026-03-21 16:27:46.588600,Lal Shahbaz Area,66.52080792383245,5.301644341361059,,,,23.42613355575408,45.439634205628444,1
3590,2026-03-21 16:27:46.588600,Minara Road Sukkur,65.87267888163146,3.2897408400302313,,,,21.135360567768917,39.32214148655866,1
4311,2026-03-21 16:27:46.588600,New Sukkur Township,81.3418609966507,2.618720167462475,,,,27.512339884085968,47.7224242398533,1
5032,2026-03-21 16:27:46.588600,Old Sukkur City,69.11061503127175,1.7549226854934545,,,,28.002248905928493,39.82046563518024,1
5753,2026-03-21 16:27:46.588600,Pano Aqil Town,51.98721664717681,2.305637587834348,,,,23.89196169253599,49.68406059442638,1
6474,2026-03-21 16:27:46.588600,Rohri City,60.64982044224383,1.8469705023630363,,,,20.7520020436425,52.10032042262767,1
7195,2026-03-21 16:27:46.588600,Saleh Pat Sukkur,48.49424823636363,2.789011324100273,,,,23.61864351788498,53.101229111961345,1
7916,2026-03-21 16:27:46.588600,Shikarpur Road Sukkur,49.78712663514871,1.644272777795665,,,,23.630112933988208,41.74040965824548,1
8637,2026-03-21 16:27:46.588600,Sukkur Barrage Colony,60.842966522833194,3.6639128938592433,,,,23.06546783833357,36.69307778004145,1
9358,2026-03-21 16:27:46.588600,Sukkur Cantt,73.2093140739815,5.184569764447795,,,,26.82116643385765,41.870358333786776,1
10079,2026-03-21 16:27:46.588600,Sukkur City Center,74.97560026044273,3.8886329888588826,,,,20.727034068664917,38.00748466735707,1
10800,2026-03-21 16:27:46.588600,Sukkur Industrial Zone,41.538679647125534,3.2177955344218416,,,,23.58370622858416,43.63677520151278,1
707,2026-03-21 17:27:46.588600,Airport Road Sukkur,66.2581809146535,2.803893791898911,,,,25.78184324200174,46.118863596055434,1
1428,2026-03-21 17:27:46.588600,Ghotki District Supply,42.85892552444117,2.0219253743667998,,,,24.487313596278558,38.93915878577036,1
2149,2026-03-21 17:27:46.588600,Lab-e-Mehran,50.31553173845244,2.4454772983617667,,,,27.762586281920875,37.09454908562084,1
2870,2026-03-21 17:27:46.588600,Lal Shahbaz Area,63.78931800363735,1.448964287258147,,,,26.732766898070455,47.537103547429794,1
3591,2026-03-21 17:27:46.588600,Minara Road Sukkur,69.23653121205767,3.4680278964204563,,,,29.07036269386763,36.330539221315036,1
4312,2026-03-21 17:27:46.588600,New Sukkur Township,70.00257951191196,2.806387065926947,,,,24.777541117725487,41.259331737438934,1
5033,2026-03-21 17:27:46.588600,Old Sukkur City,79.01252085057854,4.2920421378547395,,,,29.6686755294011,37.65529740483402,1
5754,2026-03-21 17:27:46.588600,Pano Aqil Town,50.81399879995641,1.8303736199378016,,,,24.01039749234787,43.49321268890481,1
6475,2026-03-21 17:27:46.588600,Rohri City,62.65558609626392,2.0744945711035627,,,,22.55301031589957,44.235009640511585,1
7196,2026-03-21 17:27:46.588600,Saleh Pat Sukkur,50.5077710031927,3.558139896714542,,,,28.188461896634834,35.67094977537364,1
7917,2026-03-21 17:27:46.588600,Shikarpur Road Sukkur,42.02337252519393,3.2328941877830952,,,,27.1314030037425,41.6237841617637,1
8638,2026-03-21 17:27:46.588600,Sukkur Barrage Colony,61.37325631449285,2.003934493134164,,,,29.703671521088616,40.895377172664546,1
9359,2026-03-21 17:27:46.588600,Sukkur Cantt,74.90537350384147,1.6187024427486163,,,,25.196074330405512,37.45362695429172,1
10080,2026-03-21 17:27:46.588600,Sukkur City Center,74.1454240287277,3.925836498201644,,,,26.50337961956635,40.636827969307625,1
10801,2026-03-21 17:27:46.588600,Sukkur Industrial Zone,59.27488336091247,3.87214599181323,,,,28.7069379815886,40.78069206802918,1
708,2026-03-21 18:27:46.588600,Airport Road Sukkur,63.55450687177909,4.052169737719354,,,,29.26728635588542,41.44806015982574,1
1429,2026-03-21 18:27:46.588600,Ghotki District Supply,47.08091090697053,2.64850935792384,,,,28.530163768900128,44.275662115959214,1
2150,2026-03-21 18:27:46.588600,Lab-e-Mehran,40.321326289548395,1.4595584651560782,,,,25.040112953822746,44.07907307442694,1
2871,2026-03-21 18:27:46.588600,Lal Shahbaz Area,62.767448221696526,4.840824288258329,,,,26.892423047689757,45.93469832380412,1
3592,2026-03-21 18:27:46.588600,Minara Road Sukkur,64.73620241363633,4.918157972798764,,,,26.435354189903006,47.65848477702661,1
4313,2026-03-21 18:27:46.588600,New Sukkur Township,72.03464739159365,2.6428372170959262,,,,28.59727487339279,43.037512923798715,1
5034,2026-03-21 18:27:46.588600,Old Sukkur City,73.03242273505255,2.348405628070764,,,,24.56849806832747,44.52784309002543,1
5755,2026-03-21 18:27:46.588600,Pano Aqil Town,51.37031719158743,2.535088947414693,,,,30.10421360401403,38.86843695127521,1
6476,2026-03-21 18:27:46.588600,Rohri City,67.14968096174832,5.334018088785966,,,,25.919127601802817,38.80387585194478,1
7197,2026-03-21 18:27:46.588600,Saleh Pat Sukkur,55.84039230749433,3.409180058992574,,,,31.127650048397282,35.0,1
7918,2026-03-21 18:27:46.588600,Shikarpur Road Sukkur,40.28160057174915,3.04511775338361,,,,31.50395356735943,39.408031618377436,1
8639,2026-03-21 18:27:46.588600,Sukkur Barrage Colony,55.09120177171861,4.3580278821825225,,,,25.387808563062936,39.99977255257757,1
9360,2026-03-21 18:27:46.588600,Sukkur Cantt,71.90146265428972,1.4461003457729236,,,,29.759087530057496,42.05046001093918,1
10081,2026-03-21 18:27:46.588600,Sukkur City Center,78.16896880839485,5.227889444487592,,,,30.354401704213934,38.091193263835166,1
10802,2026-03-21 18:27:46.588600,Sukkur Industrial Zone,43.40937375319752,1.4932150981208097,,,,27.791515069337784,38.65604531441056,1
709,2026-03-21 19:27:46.588600,Airport Road Sukkur,72.31341616222161,1.551879135141859,,,,32.81845625047086,41.14330158946073,1
1430,2026-03-21 19:27:46.588600,Ghotki District Supply,50.113424456217466,1.22037063142785,,,,29.037124009395267,35.038806842356124,1
2151,2026-03-21 19:27:46.588600,Lab-e-Mehran,49.86491791011162,2.106736003735692,,,,28.308331542718708,39.05888972885893,1
2872,2026-03-21 19:27:46.588600,Lal Shahbaz Area,73.80200031074412,3.299473319737881,,,,28.100045550597066,40.85613434724171,1
3593,2026-03-21 19:27:46.588600,Minara Road Sukkur,74.48438155906827,5.00491230197864,,,,29.852707189417075,35.857760933161025,1
4314,2026-03-21 19:27:46.588600,New Sukkur Township,89.13236139415653,2.6499669781771837,,,,28.2016114187919,47.754920100284316,1
5035,2026-03-21 19:27:46.588600,Old Sukkur City,82.83369409969798,4.387615716052042,,,,33.066900549061224,40.33243399680076,1
5756,2026-03-21 19:27:46.588600,Pano Aqil Town,57.604385817476384,2.2838573178129056,,,,25.300061762829642,37.65156148837198,1
6477,2026-03-21 19:27:46.588600,Rohri City,80.0341645680512,5.405982188680552,,,,29.178672683948964,48.74519746143367,1
7198,2026-03-21 19:27:46.588600,Saleh Pat Sukkur,55.70051467627951,2.124541818862648,,,,32.06099468576105,36.37947352680088,1
7919,2026-03-21 19:27:46.588600,Shikarpur Road Sukkur,62.25315048755326,2.010468799780626,,,,31.843201703641938,46.65359124138474,1
8640,2026-03-21 19:27:46.588600,Sukkur Barrage Colony,79.91651181929733,3.886914702246934,,,,29.582164113667375,41.379960305173576,1
9361,2026-03-21 19:27:46.588600,Sukkur Cantt,90.10038123545955,6.558054061879086,,,,30.862576183519437,50.001354686950805,1
10082,2026-03-21 19:27:46.588600,Sukkur City Center,86.44119117778048,2.4361948860318665,,,,29.80426172187943,35.0,1
10803,2026-03-21 19:27:46.588600,Sukkur Industrial Zone,61.996633607831185,3.7803799896565597,,,,30.74256334322527,35.41280626318869,1
710,2026-03-21 20:27:46.588600,Airport Road Sukkur,80.26562632466157,3.602639939442342,,,,29.043358656943802,43.807138566296054,1
1431,2026-03-21 20:27:46.588600,Ghotki District Supply,51.97796064731733,1.194309391556656,,,,32.510188114294316,42.317746159955576,1
2152,2026-03-21 20:27:46.588600,Lab-e-Mehran,59.00568068903292,2.4290643034608217,,,,31.158636388780206,43.596484462932594,1
2873,2026-03-21 20:27:46.588600,Lal Shahbaz Area,75.23656261710369,4.316857424168533,,,,28.97584761533883,42.984511499149605,1
3594,2026-03-21 20:27:46.588600,Minara Road Sukkur,79.94854712065789,1.8154124169029575,,,,33.00354647056926,45.50837233072868,1
4315,2026-03-21 20:27:46.588600,New Sukkur Township,86.70216685722771,5.488947283036053,,,,28.133467979218114,46.34928379910867,1
5036,2026-03-21 20:27:46.588600,Old Sukkur City,94.52906418669808,6.723922953385247,,,,28.743152696961854,46.51069493503092,1
5757,2026-03-21 20:27:46.588600,Pano Aqil Town,63.0490365070062,2.7809051071785746,,,,29.44327958050471,39.74727203424915,1
6478,2026-03-21 20:27:46.588600,Rohri City,75.54302901075648,5.219141842826043,,,,31.372945487401033,42.37724744189699,1
7199,2026-03-21 20:27:46.588600,Saleh Pat Sukkur,65.5782773278821,1.9838736283522098,,,,28.946938121204496,45.29049727933237,1
7920,2026-03-21 20:27:46.588600,Shikarpur Road Sukkur,50.00136405955296,3.3928748916018043,,,,29.945989604889686,45.69016265108582,1
8641,2026-03-21 20:27:46.588600,Sukkur Barrage Colony,80.05593549300913,6.152746579097527,,,,29.61913533903213,42.72636299772517,1
9362,2026-03-21 20:27:46.588600,Sukkur Cantt,89.31332039197503,6.133590583998673,,,,25.72660672727824,37.06795298381931,1
10083,2026-03-21 20:27:46.588600,Sukkur City Center,89.28395935923848,2.44933746832461,,,,24.875333684539864,39.632575663018685,1
10804,2026-03-21 20:27:46.588600,Sukkur Industrial Zone,68.53547954110302,4.21193320886146,,,,30.294157124718996,39.382953464731784,1
711,2026-03-21 21:27:46.588600,Airport Road Sukkur,79.00743173230497,4.773950137926132,,,,30.98630960578586,50.77430164137339,1
1432,2026-03-21 21:27:46.588600,Ghotki District Supply,64.10274143774316,2.875297044781845,,,,26.75855007324083,49.367749160942324,1
2153,2026-03-21 21:27:46.588600,Lab-e-Mehran,72.23702716428845,4.1785585847858,,,,32.27140727775634,43.37870337432856,1
2874,2026-03-21 21:27:46.588600,Lal Shahbaz Area,87.50037225218581,5.850791471498911,,,,30.27422323377799,51.041328979721044,1
3595,2026-03-21 21:27:46.588600,Minara Road Sukkur,80.37768858788925,3.6223808705417855,,,,28.732112009503545,43.25096820913022,1
4316,2026-03-21 21:27:46.588600,New Sukkur Township,97.27338154213706,5.6133727658693395,,,,30.06747567208154,45.70869947256223,1
5037,2026-03-21 21:27:46.588600,Old Sukkur City,98.34579943065525,4.880994259249456,,,,28.11564129460909,45.39347764148249,1
5758,2026-03-21 21:27:46.588600,Pano Aqil Town,72.55229089294127,4.517994103628317,,,,30.378025447365,60.2933144643345,1
6479,2026-03-21 21:27:46.588600,Rohri City,79.02734318545735,4.013859811121973,,,,25.610231725447484,57.97766521903103,1
7200,2026-03-21 21:27:46.588600,Saleh Pat Sukkur,67.3652772734917,3.2313779229592248,,,,28.74694572017455,40.83552486226305,1
7921,2026-03-21 21:27:46.588600,Shikarpur Road Sukkur,54.75613082230948,1.154788913755126,,,,27.45793734633755,43.08636558994969,1
8642,2026-03-21 21:27:46.588600,Sukkur Barrage Colony,79.23011624935518,3.4757014653204306,,,,30.606029868714028,40.633021846999846,1
9363,2026-03-21 21:27:46.588600,Sukkur Cantt,94.49422307907236,6.773777812836702,,,,25.983620436957533,51.825297976993554,1
10084,2026-03-21 21:27:46.588600,Sukkur City Center,96.22092627769247,5.375903594874061,,,,29.956788175260243,50.38279231489956,1
10805,2026-03-21 21:27:46.588600,Sukkur Industrial Zone,63.455214593440566,4.096298215548705,,,,35.11400479112954,46.71615439551784,1
712,2026-03-21 22:27:46.588600,Airport Road Sukkur,69.19926394932708,3.7132214543775004,,,,26.40817059603238,57.35933513883588,1
1433,2026-03-21 22:27:46.588600,Ghotki District Supply,41.157238920862426,2.983816025712344,,,,26.8755488655583,48.62488687524621,1
2154,2026-03-21 22:27:46.588600,Lab-e-Mehran,57.83533369441644,2.81691792790241,,,,28.81591247984184,56.11228264217641,1
2875,2026-03-21 22:27:46.588600,Lal Shahbaz Area,59.16699827577331,3.941661060592774,,,,31.073940067513668,52.307521462534176,1
3596,2026-03-21 22:27:46.588600,Minara Road Sukkur,63.841813037749496,2.27309761930268,,,,31.493785253349316,56.99239738241364,1
4317,2026-03-21 22:27:46.588600,New Sukkur Township,77.71737810170026,3.6275941633287028,,,,28.93019429858488,51.24436860299866,1
5038,2026-03-21 22:27:46.588600,Old Sukkur City,70.99414247549562,3.0441690341153085,,,,27.109171542571886,43.56269602672894,1
5759,2026-03-21 22:27:46.588600,Pano Aqil Town,51.84152414670875,3.0228919528872322,,,,28.85760908009834,52.61342987660374,1
6480,2026-03-21 22:27:46.588600,Rohri City,63.820402447537546,2.3671740367605514,,,,31.61138155348848,50.43693246902698,1
7201,2026-03-21 22:27:46.588600,Saleh Pat Sukkur,53.46924398773892,2.375837052847529,,,,29.530258902370644,55.71395099022374,1
7922,2026-03-21 22:27:46.588600,Shikarpur Road Sukkur,40.63546692250343,2.8983911524326555,,,,27.142920436549453,52.603872348865906,1
8643,2026-03-21 22:27:46.588600,Sukkur Barrage Colony,58.88055778981032,2.8612489046305316,,,,27.095317499654612,58.26845367778583,1
9364,2026-03-21 22:27:46.588600,Sukkur Cantt,78.7786525859779,3.683173028870462,,,,30.179604660297716,56.94860010000033,1
10085,2026-03-21 22:27:46.588600,Sukkur City Center,83.93951114245621,6.619350027241155,,,,29.449540366629833,45.21460613556031,1
10806,2026-03-21 22:27:46.588600,Sukkur Industrial Zone,57.37712438355059,3.9123917933111994,,,,30.290204975101307,53.79382087240813,1
713,2026-03-21 23:27:46.588600,Airport Road Sukkur,62.776258661694165,1.966651293879284,,,,28.17994856137379,59.01910150253084,1
1434,2026-03-21 23:27:46.588600,Ghotki District Supply,42.08214764375029,1.0170349918513677,,,,27.647871759236054,65.75125463154131,1
2155,2026-03-21 23:27:46.588600,Lab-e-Mehran,56.08138636509864,2.6858914356593298,,,,28.598623588719928,54.59459518926214,1
2876,2026-03-21 23:27:46.588600,Lal Shahbaz Area,62.97104622447824,2.35347650641917,,,,25.35352913415497,49.44310567480861,1
3597,2026-03-21 23:27:46.588600,Minara Road Sukkur,65.41906851317421,4.486017067859155,,,,22.246351254090158,53.17966341788949,1
4318,2026-03-21 23:27:46.588600,New Sukkur Township,77.8166706467683,2.7079524661073084,,,,27.759055080808277,50.2103617807394,1
5039,2026-03-21 23:27:46.588600,Old Sukkur City,75.33210939190724,5.239348888798821,,,,29.946887737431435,68.66676898827889,1
5760,2026-03-21 23:27:46.588600,Pano Aqil Town,53.46859599608246,2.7647246815443434,,,,24.915764996276963,60.10224154710319,1
6481,2026-03-21 23:27:46.588600,Rohri City,65.41459614977525,2.073190396183902,,,,28.705975494324115,61.17707591233691,1
7202,2026-03-21 23:27:46.588600,Saleh Pat Sukkur,55.21877179025925,2.4939983601391806,,,,31.31895315317771,49.79021274516387,1
7923,2026-03-21 23:27:46.588600,Shikarpur Road Sukkur,37.69808765747863,1.5766911737208187,,,,25.969049033839443,62.5015751770657,1
8644,2026-03-21 23:27:46.588600,Sukkur Barrage Colony,64.65828459393457,3.678084657324654,,,,28.69150592225698,48.5897437379068,1
9365,2026-03-21 23:27:46.588600,Sukkur Cantt,81.94143626075473,5.104424689636042,,,,27.334816426963016,56.43868555790537,1
10086,2026-03-21 23:27:46.588600,Sukkur City Center,77.27306710499563,1.6230325943208845,,,,23.110599310846734,55.98479608562903,1
10807,2026-03-21 23:27:46.588600,Sukkur Industrial Zone,58.353813158407945,3.8163702076381836,,,,26.808296173495176,54.98282872905108,1
